order_id,customer_id,product_id,quantity,date
kbwh-143-kc,dnx-203-ir28,vsgb-710,913,2022-02-04
refa-569-ky,fsp-609-ji61,gqzf-028,755,2023-05-31
zshp-893-vk,wts-806-ht47,slam-726,99,2022-10-23
ojuf-892-au,cbd-539-tx91,vgas-261,757,2023-08-26
emif-418-eh,hdi-928-hc21,qosv-085,544,2023-01-10
zrnb-051-mw,wbg-107-ki60,mwzl-207,158,2023-06-02
tigz-426-mh,yfa-567-hv25,slam-726,825,2022-11-13
ndvy-179-xj,avp-869-yh02,tknl-281,381,2022-10-16
ylwz-923-rx,ycs-985-uc19,pbmd-574,246,2022-03-24
nxsv-439-tb,lof-618-aw74,gkbi-713,238,2022-04-25
klms-612-fv,mgi-975-wm70,mcrh-980,154,2023-02-01
jlng-695-uy,xck-469-eq76,ykco-401,452,2022-02-02
zkin-780-yb,twb-790-rz20,qsmp-421,630,2023-05-03
viwm-246-ma,zlk-536-kv68,qple-890,463,2022-03-06
zwuc-890-cb,ytr-904-he45,sokr-395,439,2023-08-02
knpt-481-ej,xoc-267-lb12,mdbh-561,83,2023-02-06
abmv-593-we,dgt-840-lv36,bzmo-197,693,2023-02-19
frep-586-nm,fbq-406-hk49,uobh-673,238,2023-08-27
fvbl-824-et,zqv-067-jw42,ctya-291,690,2022-04-05
hlbe-968-ea,jds-832-dv75,bfyk-187,618,2022-07-27
tlgr-716-qg,bhf-953-sm76,kajt-548,678,2022-06-14
lasx-241-cw,bzg-849-rb01,lags-280,348,2023-09-07
dawi-263-sw,kdr-407-ka70,srex-965,183,2022-07-25
bldz-049-ze,yfk-862-bx13,mvyd-248,859,2022-04-21
vdkp-491-og,sdl-567-bl70,xysr-092,492,2023-01-19
dhgz-064-xf,hjz-026-jq62,avzy-850,418,2023-10-05
zdsw-132-he,lbf-254-rh47,qoia-598,645,2022-01-11
evly-853-rs,puy-618-vj28,cmng-936,904,2022-12-02
nchx-284-ho,idl-217-rz32,svof-230,559,2022-01-14
tzlb-521-kp,jck-023-pq58,odpc-769,691,2023-02-06
qlik-538-hu,jdr-607-vk01,ycag-896,253,2022-01-29
kzjr-814-hq,cts-964-kv46,ckte-834,959,2022-10-26
dtjz-310-we,gzr-026-yu30,dtpk-834,256,2023-02-10
nury-392-mj,uxi-389-hz17,qlod-265,338,2023-09-20
ehgx-312-xz,fmw-530-oc52,zsvh-241,102,2023-01-25
buqt-793-sm,enq-560-fk03,jqbi-049,599,2023-06-23
enrv-759-rz,jwv-970-em71,jnrg-763,985,2023-01-06
jgaz-203-sn,jrg-487-mp06,uovf-587,934,2023-01-14
ebsi-058-in,jif-217-as76,xrtw-574,612,2022-09-11
gnsy-398-ue,jhx-672-id04,tqez-423,146,2022-03-30
gdnh-845-rs,nlr-504-xf65,csuy-831,325,2022-11-13
ewyz-279-pr,mwc-946-ep45,kjft-428,400,2023-07-11
biod-708-vr,uly-235-ow49,zvnr-128,304,2023-05-19
zvlf-149-lc,udy-260-lx62,ikca-825,34,2022-02-13
doby-075-zo,ulh-803-ob70,fdlz-982,899,2022-06-29
hufb-264-uk,bvn-471-zc72,uqjb-703,964,2022-09-05
cbhr-346-ib,cev-394-wx16,jans-231,700,2023-02-16
twmi-359-ph,qbl-564-rz75,ydlz-904,234,2022-09-03
ztwy-365-nj,gjt-102-lr16,zcyx-365,111,2023-08-10
voyl-638-aq,hnr-417-mg25,thxu-274,276,2022-09-22
grjq-856-el,mgi-975-wm70,zwxy-905,749,2022-08-06
rtap-964-px,anc-935-ce90,jmfp-490,526,2023-01-01
nlex-103-do,ujx-187-gq01,dhwc-467,633,2023-04-16
tguj-253-cw,ykl-763-wc53,rzsw-798,239,2023-08-23
ynfa-462-gy,txp-265-nx73,vhpn-718,407,2023-09-05
njmr-980-ho,hsn-094-lu50,zmep-871,833,2022-06-20
ezkj-132-rg,jhm-378-sz14,ctok-062,921,2022-09-09
fpik-302-rg,gko-031-ce34,bcqn-537,129,2023-03-01
cpfg-157-lb,eoy-630-kw38,pkms-953,427,2023-03-28
qhgl-960-bl,mkv-824-qo31,jfgt-874,911,2022-10-02
cfdi-267-im,xad-243-md58,neht-692,660,2023-10-11
fwri-856-yo,kzx-780-sq62,ksyd-378,945,2022-10-29
pndq-614-jv,oey-851-hy34,hxwd-613,115,2023-10-07
lyfs-465-ke,qsi-965-cd51,akys-356,181,2022-04-22
gjai-082-dn,ado-093-xn73,fqhn-917,308,2023-10-30
ojbm-869-zh,ncx-034-lg91,txea-437,669,2023-04-27
sznd-328-nh,jia-670-hv02,ahim-490,776,2023-04-06
gaps-194-yq,oap-289-yk82,fqwd-623,18,2022-03-17
wtcf-397-ca,kts-056-pe51,pwri-201,385,2023-07-14
qpdt-364-jq,djn-912-ba87,nrpx-510,421,2023-10-26
nhfb-980-ef,ijc-245-wu02,vqft-460,921,2023-11-12
kpzc-194-wt,efk-805-mj54,ndtc-580,735,2022-09-19
huaf-968-ju,kcd-150-zx56,nqjo-347,836,2023-05-05
cafr-476-ca,dvi-836-us07,cuzd-143,216,2023-08-01
mbcd-157-rw,bwx-235-ua67,tpxu-859,726,2022-01-24
yhmi-450-bg,dth-168-ys90,aqpd-489,220,2023-06-24
wnmg-487-sc,mxc-485-wu94,zlgf-876,194,2022-01-27
okqx-794-xt,qws-972-qt18,olvu-602,28,2023-07-20
wkgx-810-jv,wby-516-wz95,upam-069,502,2023-03-04
jigq-859-wz,ilt-571-lm27,tmkn-274,476,2023-10-16
ivbq-482-io,kpn-346-qn38,dleq-408,78,2022-03-18
ktlx-961-we,ujx-187-gq01,wyej-945,345,2022-04-02
pdyk-948-jq,xvr-794-vj06,sula-907,422,2022-11-06
ytsr-952-so,qtz-719-yz06,ursg-270,652,2023-06-20
ytja-186-lg,vbf-413-qy05,bdjs-397,965,2023-09-16
bgmz-904-lu,xja-234-kc38,qedk-048,76,2022-08-02
alxy-820-sw,qhs-942-te16,nigz-829,45,2022-03-16
fite-715-if,poa-589-kq61,zosa-974,63,2023-05-04
kboh-059-la,ixt-106-zm57,rcfk-496,572,2022-11-09
wunk-249-dm,rot-139-ew78,acfp-812,695,2023-01-21
kzpe-192-qh,cuh-960-sp10,fpeg-938,849,2023-12-11
wzyj-325-fp,nyd-083-sw02,bmna-267,769,2022-01-18
gldx-856-mx,icw-372-xq26,bpfz-023,150,2022-03-11
qbey-263-cw,dnx-203-ir28,jkcv-248,57,2022-04-25
pbeq-470-tf,fjn-365-fi75,cjnd-317,760,2022-06-08
uajd-640-ur,ugi-578-ie93,kotz-845,42,2023-05-12
zkbq-041-nc,nrg-923-xc76,ykje-486,226,2022-09-09
pvxo-432-aw,mjq-142-go31,tfaz-946,784,2023-06-26
egui-982-uv,buh-817-qc56,slad-019,121,2022-11-21
ukdc-156-mw,rpg-610-bg52,vqft-460,717,2023-02-20
haix-691-pn,alf-247-fr70,idmc-430,801,2023-01-24
dozn-917-kj,goi-214-cu56,edfw-104,786,2022-03-29
gums-980-en,veg-879-sd94,zlko-954,800,2022-04-08
danv-092-ij,rnb-421-lk36,evwn-839,464,2022-09-20
fyvr-435-ir,hpt-728-jn63,umye-805,526,2022-03-24
hury-621-ih,xub-417-yg48,wmuz-546,544,2023-04-27
yjge-610-ws,syg-586-se27,sikx-596,771,2022-07-04
vnlr-412-ft,kbr-612-kx91,lajo-289,209,2023-06-19
hgpk-937-mw,ajx-254-zd23,nbkx-781,73,2023-08-31
mafc-185-ve,ndb-945-cf10,mdln-405,307,2023-12-24
fqya-738-de,vke-305-pb28,teod-143,861,2022-12-13
rsiw-289-nl,bzg-849-rb01,pvis-096,747,2022-10-10
fltq-475-jc,zhq-460-ki18,ucjb-754,344,2023-11-05
lony-963-hy,nvc-372-zl71,cabs-540,671,2023-08-07
okrz-853-pn,nhv-832-jf98,rgms-736,497,2023-12-25
tkbn-915-dh,zou-321-by75,hbxp-692,93,2022-10-16
tyje-967-vx,jnt-103-wp28,onyh-543,852,2023-01-27
djch-973-ob,jfo-064-qx16,suma-470,156,2022-02-07
uqmp-803-de,ogb-582-bd68,ubpy-284,489,2023-11-11
eifm-806-vf,ofx-490-nd36,rsok-743,505,2022-12-11
rhkl-015-ud,znj-237-ad65,kyao-573,975,2022-11-12
znlb-935-ua,dzo-748-zo79,mglq-218,625,2023-07-02
ijhq-205-kn,ute-092-gy72,ygnb-942,947,2023-03-05
lmpo-260-ti,htz-108-as62,qhdr-425,759,2022-05-16
rfle-904-wt,sek-356-mr82,ubmh-721,751,2022-09-09
lrik-092-of,zqy-354-ew97,gqzf-028,13,2023-03-15
govu-024-ag,pbc-913-ut78,kjfc-265,783,2022-10-08
xhmg-198-hw,hbn-261-ac35,hdco-653,464,2023-02-15
vdhf-956-gr,gxz-472-tl21,tuoe-489,932,2023-01-20
ouhw-576-zr,xsg-987-wu45,zmep-871,337,2022-03-04
yiog-083-np,zxl-154-oa48,eanl-693,631,2022-12-15
hrki-549-fw,rsg-942-cn27,tfey-742,793,2023-05-30
olfq-983-qf,lzb-253-mj57,ceui-476,504,2023-07-05
dbiq-920-xw,fop-421-dj98,xzki-754,104,2023-08-09
tilm-097-mr,ogm-281-ad71,pkms-953,284,2023-11-12
bdzq-264-jf,sld-196-vs58,uvca-387,151,2022-06-08
plho-125-te,wis-380-hc02,kday-053,37,2022-01-17
lfsq-610-kr,ptu-637-wp36,tqez-423,499,2023-02-13
tjhm-084-ih,xlj-527-lf50,tqvf-789,736,2023-02-05
dylp-168-dj,zhp-964-es40,werc-207,232,2022-11-28
tyrm-658-lw,oyg-819-ai09,evfn-056,731,2023-04-10
cbtq-987-oh,dpj-803-ks87,tmkn-274,481,2022-06-25
wzcj-519-ub,stq-463-cy40,naxp-740,849,2023-03-09
yaef-853-ba,nqu-793-hr93,ezij-897,631,2022-09-15
mlev-637-nh,jxq-590-of25,tqag-057,272,2022-11-28
tihx-019-py,xcu-653-le52,ozfg-194,212,2023-08-24
umlo-348-xw,gcd-450-og97,ixuq-048,695,2022-03-03
frlx-148-xk,sdn-357-fs34,alrz-946,529,2022-02-02
etdo-574-rs,eik-428-jy26,uxze-452,703,2022-12-22
gysw-865-ul,epv-129-bk76,sxnf-683,240,2023-08-25
ktpa-437-ov,nih-089-wx06,kfrq-123,45,2022-04-15
poyw-960-aj,aqn-724-qf76,vesq-927,865,2022-12-29
mscg-482-ry,yil-072-hb97,ejig-258,1,2023-01-17
ujrv-843-cj,ilo-134-pa30,fgbe-716,437,2023-09-28
aqdf-587-og,nqu-793-hr93,rdna-650,146,2022-09-08
wson-867-qh,cni-947-vw05,wvjc-170,394,2022-12-30
rzxj-903-xi,xld-174-zy72,odzp-038,257,2022-11-01
mgbo-396-jn,ojp-012-yu76,suma-470,875,2022-02-27
tonw-324-hw,rvj-834-yx01,mlvb-913,510,2022-09-05
fdsh-654-xw,sfx-038-br05,cond-139,915,2023-04-25
nhyl-872-bk,sgj-150-un17,xflj-781,669,2023-05-16
npxd-503-lg,bwx-235-ua67,jmbn-375,977,2023-03-19
zrqg-096-ed,btk-416-we95,talg-791,360,2023-02-01
lmry-946-sl,ivc-024-uw39,sikx-596,339,2022-06-16
ltzs-659-th,vph-468-vq17,jqab-573,695,2022-02-07
glnb-471-pq,icl-547-bm10,edjg-764,577,2023-04-05
bfmy-601-mw,tgs-871-kp10,fpal-753,77,2022-12-29
kxet-974-kh,gzv-937-bo83,qgzs-512,925,2022-11-06
gbxq-258-kn,vli-069-ow76,ptqf-714,631,2022-08-17
dahx-089-rd,xdo-087-cl23,dnpk-731,579,2023-11-24
ecum-725-hk,nzw-842-fv40,kqhp-354,856,2022-11-21
gsip-348-dn,njl-295-id37,nqjo-347,100,2022-06-16
yqgh-357-kj,qno-407-zn72,fwvq-324,903,2022-09-28
lzqi-586-bq,yuf-534-xc48,vuhx-013,789,2023-08-02
bdye-203-lo,lsw-790-gl80,hyup-921,53,2022-12-20
iqsg-612-dz,goi-214-cu56,yfmq-038,311,2022-09-02
glep-031-al,nuy-174-gj69,qwpt-735,2,2022-06-29
cohr-246-jz,ihn-985-ew63,kqts-709,646,2023-03-19
hyud-362-gn,wft-791-to01,ephm-109,933,2023-03-11
ijtw-024-ye,tku-310-yx41,zmbe-729,800,2023-09-28
xgvm-479-pk,nea-413-tl29,vqft-460,149,2023-06-16
exyh-314-tu,fvw-694-ok72,nugc-857,776,2022-06-04
kaws-327-ys,ynx-371-dm84,xsnl-906,723,2023-12-07
gztn-915-cv,ney-502-xc15,pmnt-891,837,2023-11-16
yqsd-438-nd,lun-421-ui72,dgnj-872,695,2022-03-22
fqjk-582-eq,zwt-984-uz95,bpfz-023,30,2022-11-14
yumt-539-ad,whr-792-ku49,ntbd-635,194,2023-11-07
mtwb-704-nu,cvh-245-fv35,szlx-628,112,2022-03-05
gslc-720-bd,qpi-317-yg83,jcaw-418,777,2023-08-13
pnko-086-pg,zub-625-oi45,evfn-056,525,2023-10-31
zxht-692-cw,vcb-740-js10,hnpy-946,410,2022-01-27
kpds-397-ob,zbq-453-um85,ivns-823,616,2023-06-13
zwus-607-ef,uev-809-mv71,jgpc-086,510,2023-03-21
lqhb-273-uw,wkq-092-jm65,kwbr-982,214,2023-03-15
gpaq-165-vw,skf-863-hk91,ubpy-284,67,2023-07-11
dnqr-816-fl,hqr-257-im54,rfhm-509,274,2023-07-05
nvom-048-ng,ctm-507-pl74,suma-470,728,2023-04-12
dqkh-714-ma,exc-562-kg71,hbeg-493,623,2022-02-14
hmcx-136-cb,sti-208-ux94,ctok-062,424,2023-02-02
qjem-318-rm,olm-593-hc40,iluf-842,918,2022-01-07
sfrd-502-iw,hkn-986-di84,jpys-394,290,2022-12-11
aqxo-841-vb,xsp-706-ld95,dbcw-314,144,2023-06-16
xrma-046-ce,txc-879-ig79,pbmd-574,991,2022-08-15
cgnl-852-hq,dxt-795-gk37,pmwo-603,581,2023-02-06
hkwm-174-xp,cqr-817-pd17,kylh-780,787,2023-10-12
pifx-203-ip,whd-627-sr08,dceu-316,49,2023-10-16
fdsi-067-qx,jao-958-bu81,sikx-596,112,2023-08-06
gjse-521-sd,ikq-257-gr19,hnpy-946,560,2023-10-28
pjyw-519-zn,cvy-236-nj69,lmyw-630,48,2022-04-15
gmus-061-ya,kqt-542-sj36,jqbi-049,504,2023-02-24
rbvl-867-ci,xwj-478-pt42,rnbp-951,850,2022-04-29
xcat-160-xw,dwo-431-uk43,yiho-254,726,2023-02-15
lgrj-174-qw,zlq-418-mf85,tldh-018,953,2023-03-24
nrvx-107-vz,bto-386-qe50,apoe-642,256,2022-01-06
yjmt-138-yi,fzp-840-ti73,roxi-749,225,2023-09-27
fepx-213-qs,zkw-682-ls60,pvsb-176,525,2022-08-21
wxes-125-th,bln-743-yo67,syic-172,414,2023-04-22
kyvj-542-os,uig-472-kx34,siul-516,530,2023-06-28
yldq-629-ca,uaj-910-hj37,jgqh-349,820,2023-11-25
diat-589-zy,alq-847-ej31,gejk-365,833,2022-07-27
badh-503-pu,gez-745-xw34,iold-751,153,2022-07-24
trhg-019-gz,dor-391-zo46,ucjb-754,991,2022-10-24
bvzl-025-hz,hne-483-qr38,wncj-561,913,2022-06-02
yxpq-817-xq,jux-824-kj48,nedf-054,452,2023-05-04
gtmq-598-je,gpe-193-oh91,bgya-504,867,2022-03-26
rflt-291-pk,kqp-203-so70,pzob-629,20,2022-04-03
rylf-193-sn,csm-051-re67,rcfk-496,883,2023-02-07
bxqy-208-hi,iaf-631-wz06,mjvl-596,19,2022-07-20
nlvi-805-vd,aqi-094-ay86,debg-154,872,2023-02-27
hmdj-825-ry,dtx-528-zy36,talg-791,337,2023-08-05
zsle-497-eb,pkm-375-uf23,lcrf-175,346,2023-11-13
gsjk-427-tl,fva-290-kj49,dnzr-082,426,2022-03-20
zifc-965-hc,cqa-498-vt05,gmrc-726,73,2023-02-12
lxny-042-sf,cgz-457-xi95,gnvr-174,263,2022-09-04
nkiu-639-jx,buh-817-qc56,dfyp-284,887,2022-06-07
husm-793-kt,aep-491-vz30,pzkr-680,382,2023-02-11
rqox-014-wj,xgy-521-yj48,mnqh-410,209,2022-11-18
fpjt-612-ah,ckw-372-nf82,gwny-678,832,2023-08-16
dekc-691-ov,ien-021-hx96,xysr-092,725,2023-03-09
xduf-615-il,fhj-813-bj81,cykx-184,945,2022-04-19
pbqn-790-se,vrp-613-rk69,qtdf-926,744,2023-10-27
wdcn-015-kc,htg-091-mb15,qyvn-928,651,2022-02-04
lgyr-319-jz,ndm-910-ge10,lhmi-517,961,2023-02-13
hvpe-183-vo,avb-745-uz72,ksvo-394,525,2022-11-03
pdam-315-ov,fjw-423-vw67,ageu-308,609,2023-04-28
jsnu-120-ea,qpl-281-gz42,ensg-039,388,2022-08-03
yrdt-369-tk,uly-235-ow49,hbvl-317,356,2022-07-04
lsrj-579-ka,lqe-285-ij82,covy-361,316,2023-03-09
ulit-075-uo,asu-549-we27,evkc-683,537,2022-07-23
aqio-952-su,rba-736-ba85,ixlt-970,80,2023-03-09
pvct-825-hd,ups-703-mj28,gmch-287,907,2023-06-24
fctl-348-wl,jau-592-en06,thxu-274,208,2022-03-04
cxbl-027-jq,ijq-463-rd92,lfwq-768,13,2022-06-20
atci-286-td,cqn-284-jf16,colt-092,435,2022-01-30
mztq-560-bm,evn-071-kx26,hyup-921,139,2023-10-21
rknu-904-la,nic-190-cn85,rxed-130,589,2023-10-11
komi-639-mb,tvb-258-ad41,fqhn-917,681,2022-10-05
cijp-684-bv,pvf-018-ba50,kajt-548,335,2022-09-22
avbp-316-em,xml-927-fl79,ucdi-549,718,2023-09-25
yenh-739-ao,jzr-130-xv70,rdna-650,75,2023-06-05
rnqx-238-gq,nyk-134-tp76,yxnu-530,19,2023-05-31
gyfu-850-hw,qoz-129-ox86,ftqk-264,543,2023-03-26
sgpx-256-zp,cto-851-ki04,dfau-894,612,2022-05-24
shqy-783-sm,fzw-709-qd06,yzsi-983,625,2023-03-31
edup-254-fk,ity-963-du41,jrhn-162,162,2022-01-24
utph-981-yh,xlb-419-ti92,gnvr-174,161,2022-04-17
lujf-149-va,ypi-392-pa12,ijow-254,974,2023-04-18
ylpf-906-ev,jdt-801-ja53,wnac-079,334,2022-01-11
vokh-203-qf,zyg-568-eu61,pfib-053,939,2022-03-16
vlti-357-sq,qyo-328-wh79,yebu-467,165,2022-07-03
yvgt-638-vi,vrp-613-rk69,snpb-054,867,2022-11-26
agir-758-pi,txc-879-ig79,wncj-561,263,2023-12-16
orgc-690-og,vna-209-qw28,pkms-953,866,2022-01-01
fpnc-523-kn,yru-817-br63,jkic-287,649,2023-01-26
xjwp-567-pj,dyt-637-gs56,hdco-653,220,2022-05-29
dams-317-dn,ecn-249-zs96,yhea-748,669,2022-03-07
ztnx-786-ds,hpo-392-rb39,abfe-874,921,2023-04-07
vjmk-753-wj,anc-935-ce90,onka-350,456,2023-08-01
bciq-902-mt,dcp-315-qa92,uzco-856,615,2022-05-11
wcrg-793-ug,shx-562-sp89,avzy-850,413,2022-12-17
xlrw-123-pm,ptb-587-vk68,sokr-395,110,2023-03-28
nyvt-498-gx,tmy-617-ib95,edjg-764,259,2023-06-29
kjdc-379-xt,jot-348-ki29,qoez-197,579,2022-05-29
tugj-049-po,vwh-973-qh42,cawu-802,144,2023-09-14
rdxl-140-sw,cyq-763-up03,oxzv-857,874,2023-03-18
kywm-523-hw,rmb-704-ai24,cond-139,366,2023-07-06
dsbc-210-rj,htf-894-vj10,yblx-214,603,2022-08-28
lxoc-764-td,ior-978-nw71,lqfk-547,263,2023-05-08
jxur-560-yo,dhr-796-kr51,dcmu-370,534,2023-09-28
ovap-057-bi,mbv-078-ld10,iobq-301,118,2022-07-11
bvhr-243-hm,jix-652-ld25,rgms-736,165,2022-11-06
dhvo-614-la,jfm-257-cf72,zbce-793,764,2022-10-29
vuzt-915-aq,ent-901-ow76,temp-456,636,2022-11-02
xmno-905-gq,hjf-810-rn63,kgup-479,927,2022-02-22
thqc-504-mh,xnm-094-kl21,kylh-780,989,2023-08-30
sgib-507-ye,jzf-186-ye37,toje-743,357,2023-05-07
ntib-916-ez,scd-085-eg14,pzob-629,621,2023-08-06
ztky-640-wo,goi-214-cu56,iklf-036,538,2023-03-23
asjy-298-iv,zou-321-by75,tfep-496,656,2023-02-08
mqcd-057-vs,kap-769-ma06,jmfp-490,383,2023-04-04
kqie-617-mk,zov-407-em42,awer-839,779,2023-01-16
xtda-983-to,jlm-472-ug32,mkfu-456,241,2023-10-10
bylv-360-ph,pbc-913-ut78,wgei-401,972,2023-10-23
dtch-793-qs,ecg-541-uk48,mukt-190,388,2023-12-29
xdsj-653-eu,sbr-572-uf92,xavr-742,752,2023-01-06
sbpm-649-ok,quo-297-wo94,jreo-301,790,2022-10-27
lrxw-684-lw,tsj-105-ky23,xthj-478,522,2023-01-04
eacr-938-nf,pqk-345-ct12,vuhx-013,865,2023-05-29
hkrl-729-zf,zns-549-az59,evfn-056,264,2023-03-05
xift-714-yc,glj-037-dv40,dtgo-940,791,2023-04-24
mfgv-349-cv,dju-692-kz57,guvb-398,911,2022-02-02
bwje-436-ps,dwo-431-uk43,jlga-659,86,2022-08-24
fujl-810-lx,hon-678-zk13,dqwp-789,370,2023-07-25
pzuj-147-wt,dir-025-id68,guoi-746,648,2022-07-22
mnva-231-iz,lvm-923-we19,lfwe-539,426,2022-02-13
plgs-284-lk,yda-891-ie43,cuim-589,772,2022-08-13
owuv-064-xn,veg-782-sr40,uxgb-792,971,2022-08-25
qdpy-258-ko,wbg-107-ki60,zmep-871,554,2023-01-06
diho-985-hk,mvd-725-ks83,byxz-972,204,2023-12-26
qaov-614-dw,rph-037-hm43,dfyp-284,965,2022-05-04
xpjz-963-xn,rht-150-cy47,admf-586,336,2022-06-27
qgpt-041-na,pwb-640-jf78,gtob-284,244,2023-11-01
cvxz-076-ez,rzo-528-pi64,qyvn-928,408,2022-10-03
twms-379-ys,jst-251-us12,bvyt-895,824,2022-08-26
yfte-478-ou,xnq-710-bi59,ljmr-164,528,2023-05-22
gqrn-469-vz,kng-106-bm52,erdi-754,676,2023-01-20
jnpv-908-zg,kqu-607-tk01,ursg-270,490,2022-04-27
hntq-807-nu,wla-349-iz65,buan-840,91,2023-03-10
ljie-273-jn,bgr-063-up15,jreo-301,356,2022-04-10
ylpq-895-vo,glj-037-dv40,nmgx-486,878,2023-04-09
iupx-058-ad,cbp-394-ob96,uzco-856,7,2022-07-07
qjit-513-lo,dpt-084-so93,dufk-109,93,2022-08-11
puto-748-ye,ief-562-be01,ilat-706,752,2023-09-05
xeml-758-wc,vue-934-oi82,wdfy-178,623,2023-05-27
zteo-507-ey,ztp-413-ft47,rglb-275,90,2022-12-17
cpxw-408-ao,bfy-381-lq96,pyfj-529,808,2022-09-30
sewx-321-hz,znh-406-ho64,znsa-640,237,2022-05-18
bufk-619-hs,gvb-153-ep91,dgnj-872,226,2023-09-10
qcvy-951-vr,ien-021-hx96,sfiz-352,260,2022-01-15
ksbg-465-tn,els-234-zo81,zlgf-876,211,2022-03-22
bkal-594-sf,siy-836-kr51,bfyk-187,601,2023-08-10
onjp-359-ep,yfv-431-se53,ctya-291,854,2022-06-19
gudz-712-cj,euj-971-rq49,qbst-541,136,2023-03-19
kgwy-347-jq,lqe-285-ij82,jmfp-490,379,2022-08-11
fqvn-397-vg,oyt-915-on59,tghc-381,70,2022-06-05
rtpx-501-gc,utg-895-wh10,ybun-685,236,2022-09-01
qpjk-563-zn,pkm-375-uf23,vhpn-718,527,2022-07-11
webg-214-hy,wha-834-fb57,acqn-128,261,2022-01-08
dvyw-182-gy,wbf-320-av39,dlbw-042,24,2023-11-16
otkg-419-ha,yax-576-ft12,sfyx-689,580,2023-10-04
kael-267-yn,yfx-654-yz91,erdi-754,614,2022-03-24
rvif-768-tm,wda-486-im21,cawu-802,774,2023-02-10
ybar-108-nt,ugq-731-ul71,ycag-896,801,2023-07-27
onfw-703-sw,xgs-973-xm60,ikzc-024,201,2022-07-01
dshg-723-wh,zdm-754-th21,xyof-973,264,2022-08-15
fxsb-283-vu,feb-103-ul19,zlec-231,991,2022-05-27
knqm-582-rl,yuf-534-xc48,ladq-691,856,2023-04-19
sjgt-807-ca,yfb-024-mg07,ikzc-024,578,2023-05-11
zkwy-284-in,hns-314-dg94,rvhy-321,404,2023-11-12
ceyf-984-qz,afg-826-oc02,jfgt-874,543,2022-06-20
xcuk-957-gp,bis-857-qn60,uaoi-923,577,2022-11-08
qrxv-628-df,lqa-267-lg27,rpwq-496,787,2022-08-20
oedz-876-qh,ybe-791-rc28,ekxb-269,840,2022-02-01
bjoa-783-rn,jbr-294-zo37,xthj-478,98,2023-08-25
vmkn-367-mb,bup-134-xh53,dtpk-834,680,2023-07-31
msia-593-yz,tnl-921-dx34,weau-620,665,2023-03-07
tues-764-sh,uqd-839-sy98,hzsx-185,867,2022-02-12
ouik-528-qk,mut-826-rd70,eanl-693,362,2022-04-06
nzti-148-qc,xcq-801-fj40,roxi-749,388,2023-04-28
iltd-807-qa,uzx-194-ea08,mdbh-561,243,2022-06-08
cqkb-807-yv,bdr-976-us97,mdbh-561,996,2023-10-19
lwuy-358-hf,jyi-462-pe07,colt-092,389,2023-09-20
cosp-543-ea,pqw-347-cq49,soyi-871,993,2022-01-05
khpu-367-ph,rot-139-ew78,ezij-897,588,2023-04-14
pweu-960-wl,osw-649-fq63,jvwd-841,24,2023-07-19
tnsy-063-na,ojp-570-vz35,zych-280,292,2023-09-14
mfpq-965-jt,els-234-zo81,xybw-952,74,2022-07-28
igwr-756-bf,tyf-126-wx12,dogu-250,697,2022-08-25
xrtw-536-fm,cou-189-te39,pvcy-891,658,2023-08-30
iojd-538-uj,evq-569-dh79,rnaz-732,936,2023-02-06
wiue-673-zx,wpg-520-iu18,fpvy-126,168,2022-07-06
uzry-567-ko,ksc-356-cn25,noxm-519,188,2022-04-01
bvjl-453-um,ohe-190-mj15,gjek-657,415,2023-04-11
spen-986-rl,bou-256-fe21,fqwd-623,364,2023-02-05
gqpk-917-kl,vtf-264-jg19,mchg-013,851,2022-07-02
pyzs-372-gz,zlq-418-mf85,vmyd-875,228,2023-04-21
zwsk-430-xa,uwz-708-zk54,zmep-871,747,2023-11-14
rfig-748-xh,icr-738-ho95,ckte-834,853,2023-08-10
fboa-971-mg,arf-089-rs79,xalw-726,250,2022-09-28
iwes-084-fj,nli-169-kb21,mglq-218,500,2023-10-14
hqaf-528-ar,lga-301-po29,rwqj-681,899,2022-02-17
bnoz-294-ye,kvz-039-li81,ocbt-823,500,2023-10-13
ynlj-691-nq,dgu-490-nh72,zgmu-847,57,2023-07-15
avwp-613-hi,ubc-753-sn85,koua-247,449,2023-07-22
ukzc-516-ie,sfa-095-bd86,nlma-793,735,2022-03-29
aswf-841-dk,nrg-923-xc76,covy-361,813,2023-03-25
hxbz-164-cl,ioy-074-hw74,wpjg-639,995,2022-01-20
psyw-487-ta,tab-372-by90,dvsb-862,726,2023-05-29
ydsz-790-ze,sqh-179-ca35,oevc-082,811,2023-08-17
sajx-275-xr,yat-926-cw17,jyqt-463,453,2022-02-07
zcmw-658-oq,hza-056-ae94,tgcx-712,227,2023-04-22
vxnm-369-ai,ioy-074-hw74,vmyd-875,413,2022-09-12
sdge-416-mc,gel-529-vg62,kqhp-354,333,2023-10-23
hgjl-651-vj,skj-489-bt94,xadm-285,217,2023-03-10
aoid-183-dt,gop-368-bf74,isrl-352,936,2023-09-22
scyu-908-xt,qbo-924-md04,vrmk-714,939,2022-01-16
besw-063-kw,jot-348-ki29,rwqj-681,452,2022-08-03
acky-750-xk,qpf-967-de42,imlu-784,710,2023-09-18
wpfa-205-rc,ftd-128-pi27,ncuo-753,143,2022-06-19
sfbu-834-pk,vna-209-qw28,wncj-561,782,2022-11-20
rlfc-603-dp,lav-710-jd31,whjg-901,925,2022-07-11
urha-864-pl,fzk-709-ho52,vgtd-425,836,2022-12-01
fdnc-046-hl,qst-106-gz90,dvik-257,63,2022-03-19
bcpi-059-xc,qlu-640-iy46,ndze-974,532,2022-04-16
xhip-310-mh,zeo-186-na56,krfo-037,21,2023-05-09
fbki-592-pm,sxj-697-nu14,zwos-082,938,2022-11-12
cxph-125-gv,oun-391-ci20,lqfk-547,873,2022-02-28
zbgx-092-vq,ghi-865-bj64,xpga-291,102,2023-06-24
skmn-840-qr,wyd-196-ke92,evkc-683,915,2023-07-09
fecb-127-au,veg-782-sr40,kaow-081,3,2022-07-18
wzue-042-ax,iuz-208-qy56,ohpu-658,677,2022-01-09
hzva-796-ax,ckg-730-uc48,gtan-430,171,2023-03-25
qsdw-380-vt,bun-130-hs87,pkms-953,87,2023-06-29
qizb-673-lx,usf-416-ud54,pdje-026,140,2023-05-01
faco-168-om,xun-025-jd81,aiuk-247,874,2023-03-09
srhz-421-jc,wdp-910-kf54,pkqu-280,903,2023-12-23
ijgw-361-ze,jtm-187-ju59,ozwq-783,505,2023-10-28
izgy-041-gb,hfx-652-uc70,yebu-467,73,2023-09-01
ynbw-604-qv,eqw-296-sc19,lqfk-547,143,2022-03-08
oskp-567-ef,gvx-396-nm50,gwny-678,739,2022-09-01
exvz-035-iz,qpj-120-vl56,ozvq-516,520,2023-08-26
uapz-871-tw,feb-103-ul19,zqjb-812,451,2023-02-24
ryjn-306-zh,ykl-763-wc53,bcqn-537,12,2023-05-20
rmhl-264-sd,cts-195-lb90,jrhn-162,21,2023-06-15
hqkv-290-xl,gcd-789-gt52,kfni-796,755,2023-08-30
hqrn-023-ja,tsp-036-gu30,paud-039,199,2023-07-09
usnb-034-pn,ngy-137-ys10,gjek-657,398,2023-01-18
yhnk-869-mx,oun-391-ci20,aqpd-489,60,2023-10-26
umyr-709-vz,rhw-129-lk29,jarw-153,810,2023-07-12
adic-018-gl,hlf-632-je36,ykje-486,464,2022-06-22
qsya-340-ct,jqh-290-fl78,vkms-127,809,2023-10-28
mhep-135-ap,dkw-201-gd34,umij-190,475,2023-09-30
qbks-287-oc,ulz-987-uf97,ijpb-462,270,2023-09-25
uzpt-351-lg,ojp-570-vz35,ufhs-325,704,2023-12-05
jgik-450-eq,cfp-139-hf46,vrmk-714,369,2022-10-10
tsur-643-kt,igr-642-cw89,pyfj-529,561,2023-02-07
zfjx-351-gb,cut-753-cm82,talg-791,302,2023-05-14
xymn-258-rp,srk-130-dn32,uiyv-492,451,2023-03-21
pblu-208-he,kvz-039-li81,ejnp-189,796,2022-03-18
gjzd-059-mg,ije-047-qa96,emsf-748,140,2022-09-12
srut-418-md,box-214-pl85,dvik-257,705,2022-08-16
icxq-780-yq,xif-642-bi34,ewhl-791,471,2023-05-13
gtsl-753-cg,sgr-695-ar89,gnvr-174,421,2023-05-26
swue-846-hv,ems-139-ma67,esxh-286,289,2022-10-14
xaly-864-kp,mwj-349-hq78,ehtk-798,302,2023-10-14
uhbg-698-sy,cwj-407-ef96,kday-053,321,2023-10-14
znle-294-zm,dtz-689-ow16,nfye-413,179,2022-09-15
tnic-765-sa,api-798-er87,dwiu-289,880,2022-05-21
lipt-364-nw,sek-084-jd21,olij-374,796,2023-12-19
gixk-791-xb,fce-254-ci17,mazi-625,438,2023-05-24
jyfd-412-eg,tzb-241-hb32,nufr-240,786,2022-03-19
dipa-518-dk,lpw-542-by36,thja-951,173,2023-11-07
gqkj-570-ib,srk-862-fj98,tgcx-712,856,2023-11-16
tgrv-796-mo,uaz-149-bk94,wnhq-302,710,2022-05-11
utwa-678-yo,wxz-963-hc54,ilat-706,471,2022-05-28
dntz-537-qe,rfl-527-rf46,bhij-726,395,2022-06-13
zwxy-103-op,jqo-528-jz19,zjqn-546,88,2022-03-28
cnzu-401-xt,zyg-568-eu61,ozfg-194,273,2023-07-30
qocz-670-lc,hnr-417-mg25,fbiu-734,512,2022-03-24
dwcg-951-ks,cji-735-mj59,gzes-280,440,2023-06-23
tryo-769-mt,vwp-961-yg04,jnrg-763,422,2023-12-18
ktpy-103-ab,hmn-784-xg76,ojxd-512,601,2023-11-13
azfv-793-au,nbo-692-om07,izvw-361,108,2022-05-14
euvk-275-qu,vld-829-an40,ujir-980,102,2022-07-12
nydq-534-se,nea-413-tl29,gejk-365,261,2022-04-18
uryx-825-yl,xcq-801-fj40,smix-830,754,2023-05-15
cyln-314-nh,rht-150-cy47,mdln-405,365,2023-09-05
kloy-479-fl,gco-160-iu28,vtyd-219,512,2022-10-03
tykx-514-xi,wtg-731-di24,zdya-605,970,2022-03-09
kctu-810-so,glj-296-nc73,izsj-947,838,2022-11-27
cihl-403-mq,mvd-725-ks83,nufr-240,516,2022-07-05
erpc-692-qb,mgk-549-ug69,ubnl-732,730,2022-02-04
yrmf-570-tq,hyf-730-gz93,sqha-518,637,2022-03-25
nvdy-640-uo,erz-190-eb97,cear-516,117,2023-07-06
tnkf-426-tz,oey-851-hy34,temp-456,32,2022-07-02
chqd-786-lc,obk-596-np90,yfmq-038,253,2022-08-08
jacr-513-sh,jyi-462-pe07,rkba-815,323,2022-03-30
rqei-143-el,uzv-725-cx35,nqjo-347,490,2023-02-02
blih-241-aj,wek-261-gq01,rvhy-321,181,2022-08-26
ptxk-096-sr,ems-834-rb94,onka-350,616,2023-08-15
bxmc-098-tl,guj-204-ow46,onav-126,152,2022-07-05
fbrj-059-jl,fjd-569-sw31,ykxd-083,885,2023-06-18
fhbv-603-nr,pno-418-wh79,lajo-289,240,2022-08-07
nhvs-261-rm,xov-358-no83,bvyt-895,913,2022-12-17
psht-257-hd,pzt-823-ep67,jkcv-248,964,2022-06-29
rkla-497-or,zfn-374-gj80,cfqa-293,141,2023-09-24
nxsr-082-kl,hek-895-of63,quxk-628,255,2023-12-06
zjpw-792-ul,vbg-205-re75,qspk-803,229,2022-07-29
jnsc-481-hc,osa-536-tm62,afym-706,657,2022-01-08
dzek-268-yx,eab-089-pm47,hyre-583,880,2022-11-12
kvbx-826-bz,dnx-203-ir28,ykco-401,441,2022-09-06
nodi-315-uq,ylh-398-hr71,kfrq-123,269,2022-10-15
emfc-136-nx,nqk-619-rn76,hxwd-613,92,2022-07-18
pvzn-012-ch,dlt-518-ad80,roxi-749,171,2023-03-05
peyg-108-mg,ecg-541-uk48,jmfp-490,36,2022-02-23
ljpn-681-cw,ybg-472-sm12,iuza-421,412,2023-09-21
dvoa-826-md,emj-438-fe08,nlia-435,774,2022-11-09
fwes-045-ns,kuz-714-nv91,uiyv-492,336,2023-12-19
kcxj-082-si,rba-736-ba85,odpc-769,317,2022-06-03
pbjn-071-ki,nox-236-rk67,cuim-589,890,2022-03-30
tafk-860-px,qrk-638-yw82,wpjg-639,755,2022-06-04
rfhw-430-cd,njw-314-yv95,cmng-936,244,2023-02-13
fwqx-954-yl,qgn-349-qr26,nagv-681,122,2023-07-04
pexg-683-fu,gld-957-pq91,juhw-578,744,2023-12-23
usct-735-nk,xsg-987-wu45,wiyp-549,497,2022-04-27
mhby-816-ew,ghn-401-wp40,jktv-863,303,2022-10-04
jspt-631-pu,opt-569-am38,ozfg-194,560,2022-05-07
pyuq-368-ki,qvl-632-st15,sfyx-689,886,2023-03-20
iynr-782-og,vrp-613-rk69,atzo-139,476,2022-04-28
mnlq-907-lg,rjl-942-gz97,kcnl-541,23,2023-12-04
owqa-132-ui,dmn-531-au63,qoat-150,866,2023-11-27
eqcd-135-qw,aih-890-mq74,kxdq-027,64,2023-10-25
syrw-957-we,cvy-236-nj69,jlbh-507,17,2023-09-25
gbtp-170-hx,sgr-695-ar89,nyja-914,184,2023-08-19
iqnk-815-al,krh-407-wg27,uweq-328,317,2022-10-18
idgz-971-ni,tnh-894-et58,dbcw-314,121,2022-06-09
gtki-057-er,exc-562-kg71,vyzk-136,305,2022-09-11
pyhx-392-lv,fzs-475-nm51,zdgw-635,488,2023-06-14
xmto-258-ms,gcw-135-eh51,kajt-548,640,2023-05-28
zfsl-394-qc,pha-547-wa07,jpys-394,170,2023-06-21
chzp-824-dw,ity-963-du41,jzni-847,256,2023-07-04
bphu-834-xt,jtx-720-vr56,pwvn-935,306,2023-06-12
qwbj-254-gi,qfa-265-ij58,cfqa-293,892,2023-09-25
oszy-725-ms,dth-168-ys90,dfwm-498,105,2023-07-06
leni-591-uq,uso-870-wl18,fmyk-037,176,2023-01-26
kjlt-893-lt,qhd-798-lk39,otui-498,630,2022-04-12
akim-824-ng,rlk-527-fr54,odva-045,303,2023-03-19
rmxz-823-cf,sel-075-ot23,jvwd-841,340,2022-10-24
pdxn-041-ti,wnz-104-rk03,ermf-954,485,2022-02-12
qtxm-749-fd,ivc-024-uw39,odva-045,22,2022-06-29
likc-536-co,bwi-174-jr60,umye-805,32,2022-10-03
fjdl-950-cf,vsi-570-hp73,afrq-197,416,2022-12-22
wtjg-703-ey,dih-745-mg57,jsna-384,284,2023-03-14
nato-318-us,uil-507-ua12,opdi-983,908,2023-03-04
zifc-284-zl,njl-295-id37,ndfb-192,963,2022-09-17
cmyb-523-vd,szu-479-qk29,jpys-394,872,2022-06-29
crzg-702-oy,gro-504-sr85,eoku-948,683,2023-08-23
djle-354-vq,oyt-915-on59,zday-527,399,2023-09-26
ibjz-821-uc,zlc-846-zq80,uobh-673,457,2022-04-04
qynb-463-dh,sdn-357-fs34,mvyd-248,470,2022-02-21
hcnw-480-ed,ozg-021-ia08,onyh-543,206,2022-12-20
knyl-826-tu,xqt-589-rf82,bhij-726,963,2023-10-08
yfsx-159-ls,jgd-756-br98,gymp-581,274,2022-03-01
tfkp-152-pf,zun-912-nq05,szih-145,385,2022-02-16
xytl-960-jt,wjg-768-ju67,qlod-265,395,2023-08-08
dkcv-209-nx,fce-328-wp98,pvis-096,100,2023-12-04
cqhx-591-js,wbj-091-mf18,fqhn-917,40,2022-05-17
ydjn-165-up,zfn-374-gj80,zsil-702,774,2022-01-12
adts-654-ax,nwo-398-fg30,uovf-587,196,2023-11-30
cayh-910-te,jia-570-re90,nyzh-709,573,2022-06-16
pbjr-357-vk,avb-745-uz72,hnpy-946,389,2022-12-24
vfer-614-ln,cfp-139-hf46,jkei-358,771,2023-01-16
csvw-142-vd,krp-849-ej01,rpwq-496,894,2023-10-07
tmlh-893-pw,ups-703-mj28,sftj-374,446,2023-01-22
dslg-328-mf,fce-328-wp98,eanl-693,543,2022-07-21
pmfa-358-bc,sdl-567-bl70,vnez-946,991,2023-02-28
tkza-260-ab,qph-083-dp09,gymp-581,833,2022-01-15
jtpr-680-rk,bga-268-dg35,uzhw-325,704,2023-07-29
aiwu-360-ev,irw-450-ov74,arvc-523,81,2023-09-15
zyhw-548-qn,lmi-817-ve98,jmzh-704,65,2022-10-21
wguk-921-xl,utd-370-ep24,jqbi-049,706,2023-10-02
jwqh-428-hi,etq-951-qz06,lytv-873,712,2022-09-03
vghs-479-qw,uil-507-ua12,ljob-835,589,2023-08-17
wzrp-862-jd,bpn-134-bm60,cnhx-637,952,2023-10-04
kaqe-489-fs,siy-836-kr51,vsgb-710,960,2022-05-18
lfub-725-gy,nvc-372-zl71,qvir-326,27,2023-10-17
xhrm-768-dw,dbg-059-je79,kday-053,592,2022-05-01
gjuh-076-vz,zet-612-za71,vgtd-425,638,2023-05-11
lbqv-730-kp,jmq-924-fr89,jpsd-325,295,2023-07-09
whna-192-cg,zlc-846-zq80,jans-231,336,2022-08-05
kowc-361-ql,ndm-910-ge10,iuza-421,893,2023-02-03
cyun-870-vm,inb-385-ui82,tfpm-596,411,2023-09-26
mhul-507-xf,tbf-728-bd58,tkqm-758,450,2022-10-11
rkwo-418-fx,pwb-640-jf78,bcqn-537,836,2023-07-25
owjx-502-an,syo-587-el95,qhgl-659,506,2022-01-16
keja-465-ta,ejq-167-sb10,czxr-930,630,2023-08-09
qgva-102-es,bou-256-fe21,loar-186,771,2022-01-25
glxf-109-gy,sfh-278-ja63,tmdv-065,688,2022-05-03
vykd-293-ph,maj-158-iz76,dnpk-731,741,2022-06-27
hxne-836-sz,fjn-365-fi75,cviu-538,18,2023-07-14
onfl-703-zf,bvn-471-zc72,ykco-401,645,2023-02-02
wibg-490-ni,hek-421-ur16,gwzo-531,970,2023-02-15
mxzh-605-xk,pch-132-jg95,dqzx-945,790,2022-09-09
hqav-980-in,hne-483-qr38,dnpk-731,436,2022-11-27
fidy-017-uh,dfp-876-tu53,wmuz-546,668,2023-03-29
gdnc-621-eb,jds-832-dv75,qcfb-708,819,2023-06-04
fvex-085-oe,oln-978-lb74,nepm-386,561,2022-08-21
wvnq-208-tu,idl-217-rz32,tpnc-169,337,2023-11-27
bnhy-867-ie,yjc-123-pa10,hxwd-613,359,2022-10-10
vygw-928-sy,ywp-325-ap48,zmbe-729,481,2023-05-08
vwse-903-bc,icb-029-ay38,smix-830,127,2023-01-14
phaw-437-ic,emt-791-nw17,lkin-259,72,2022-11-11
cybh-569-qv,zgq-056-wj26,rjve-576,222,2023-09-26
pcwi-567-pi,neb-562-ih35,ykco-401,762,2023-08-28
viut-823-jw,vpj-605-qb70,curh-526,892,2023-11-18
lhcr-732-bz,hel-410-cs26,fkxu-187,438,2022-01-08
focu-809-gx,peq-620-gn56,xnfr-341,889,2023-01-05
exrf-103-fg,upj-374-lx63,fgbe-716,152,2022-05-04
weso-398-mq,alf-247-fr70,zclv-291,410,2022-08-13
cfby-803-sm,xhp-970-kp76,bvey-048,41,2022-06-12
tzuj-498-lv,kbx-267-zj59,sqmg-178,174,2023-01-16
grnz-912-pr,nba-642-wh45,ozpn-312,911,2023-05-04
hbxo-546-pr,xra-245-xc64,ladq-691,503,2023-08-22
erox-692-sj,yat-926-cw17,ixuq-048,120,2023-08-27
ezbx-620-vf,gcw-135-eh51,dzkn-801,396,2023-03-25
yjqx-047-fq,oft-976-ve69,lxas-592,593,2022-09-07
hqyw-679-xl,uav-071-ld16,iboh-368,730,2022-02-08
ztoi-916-co,gay-986-qv46,tkcn-721,633,2023-01-24
uyqx-509-bl,tyb-256-uw50,mnqh-410,494,2023-01-01
emyb-598-ye,gby-701-kb09,zclv-291,626,2022-11-06
cbuz-079-jl,gvr-758-sv68,pwvn-935,203,2022-01-18
ovxs-384-ja,vhc-210-sl96,fjad-680,82,2023-01-14
icos-960-eg,leu-972-io15,xybw-952,820,2022-12-06
pqcz-407-dk,lxu-296-mv64,abfe-874,237,2023-01-17
nmxd-324-hg,xun-025-jd81,fwvq-324,723,2022-08-24
ntks-847-wa,cax-238-id48,qhgl-659,343,2022-07-19
xwtd-309-eg,abn-579-zq87,qbst-541,492,2023-11-25
aimo-930-za,zgi-597-zl16,xzki-754,385,2023-05-19
zurm-582-zs,wdp-178-ja41,wdhs-586,177,2022-06-29
ilxf-765-ep,ctb-423-df15,rpwq-496,386,2022-04-06
jwsl-189-au,dlg-867-us42,ufmd-513,504,2022-10-14
jykl-357-zq,sdl-567-bl70,pvsb-176,117,2022-12-27
uskm-609-wz,kxr-039-hz21,jxoq-361,953,2022-09-11
ysir-487-rn,qsi-965-cd51,xalw-726,491,2023-07-30
pacw-768-yd,yve-310-yt09,rioj-736,668,2022-01-08
kgsl-387-du,csj-230-kz57,colt-092,174,2023-11-05
fvgo-826-ly,hkn-986-di84,zdgw-635,714,2022-04-26
xjas-280-xm,zsp-527-gw15,bpjg-372,343,2022-12-29
gmoh-746-as,wdp-910-kf54,qoat-150,122,2022-05-13
zonh-921-uy,mrs-230-db82,wvjc-170,319,2022-04-30
sqia-251-gx,mlv-327-hf84,pahj-519,199,2023-08-09
qvra-084-lp,quo-297-wo94,cnbe-278,547,2023-01-12
utom-324-zr,ahl-684-ef70,uweq-328,533,2023-04-28
clgq-846-we,dxt-520-ig39,ocbt-823,460,2022-09-07
hciu-893-kg,xhe-971-kh47,kcty-263,927,2022-12-31
hijx-409-sn,qst-106-gz90,wgfr-380,526,2023-12-18
upmc-270-ps,ilw-194-zt40,ephm-109,816,2022-11-24
xenp-791-fo,jpd-450-qg83,sqnc-521,361,2022-04-12
vhpm-092-gi,zvl-913-qr45,bcjm-765,990,2022-02-01
wtok-601-ea,wto-025-eb74,mdrw-057,765,2023-08-13
ekuc-231-jh,rgw-957-co19,jkic-287,727,2023-06-26
rwqi-512-cs,dzo-748-zo79,tkcn-721,902,2022-02-19
hbrc-183-wp,vqn-510-ch75,mjvl-596,748,2023-04-05
wksf-716-dr,qtz-719-yz06,fqwd-623,520,2023-03-15
qhby-108-kv,dhf-692-qm61,pzob-629,659,2022-02-02
qcxk-657-dh,dhv-198-ox83,ixah-564,568,2022-10-08
keiz-290-oz,dpj-803-ks87,hbvl-317,418,2023-03-21
njfh-140-rg,sbr-572-uf92,ayzf-981,385,2022-03-22
ycnp-248-gf,ypf-837-he32,kxdq-027,723,2022-08-08
nfrl-530-ch,jpb-679-st42,zwos-082,428,2023-10-11
aqet-742-ry,xsu-514-pl02,lqfk-547,174,2023-07-20
gqjs-149-vk,wnz-104-rk03,yhea-748,479,2022-02-06
ndpm-841-to,gue-760-og71,gcxq-625,952,2022-03-01
azhw-493-uh,aoj-106-xe92,dhwc-467,298,2022-08-09
efvn-902-ak,jia-163-bz76,sazn-946,373,2023-01-12
rgqc-182-ge,tif-910-yz59,ikzc-024,967,2023-11-03
clbo-698-wz,qzp-073-ze04,nmog-549,104,2023-12-24
gcnf-719-uf,wxv-709-nm91,nepm-386,443,2023-08-25
gkbs-429-bx,nah-014-qg38,iuya-750,808,2022-08-23
yfls-204-xa,noz-029-gq43,kyao-573,64,2023-10-10
wjqb-047-rt,uja-578-nd27,qhdr-425,488,2022-11-04
orak-745-un,lpn-314-pf37,meps-853,194,2023-08-23
wxdp-478-se,wvl-736-ae94,zgmu-847,593,2022-03-29
ecsh-586-gw,syo-587-el95,icvk-920,764,2022-07-20
awtf-815-kp,jtf-839-qf89,ozpn-312,825,2022-04-04
vgdm-573-hu,tls-849-sb69,yglf-367,113,2022-01-19
eoyc-078-kj,tuk-289-za36,ycag-896,210,2023-01-10
zvxk-067-eh,kpn-346-qn38,pkms-953,664,2022-04-14
ezrl-592-xo,mgl-876-rk41,ykco-401,580,2023-09-01
suog-067-nz,cfr-086-hy71,yebu-467,714,2022-07-17
xpmh-642-ph,san-438-mv62,pfks-753,72,2022-12-28
sbkq-754-zc,ulz-987-uf97,pmwo-603,379,2023-07-22
cfij-739-ot,sln-294-ck34,xmua-983,224,2023-07-05
djti-907-is,etn-942-rk90,kdag-710,868,2022-10-10
xmai-356-lp,ntm-651-yv73,mgob-578,613,2022-06-15
fgqz-780-it,gsb-094-qh10,fdlz-982,507,2023-01-04
bjkd-512-yw,qbn-584-tz80,jcnk-280,868,2023-03-22
xhzi-348-ce,gxz-472-tl21,lthq-428,986,2022-04-29
qjse-180-qc,zsd-310-nt81,idmc-430,723,2023-07-19
tyfe-629-mf,ytr-904-he45,tqez-423,765,2023-03-19
hbpa-568-ke,wav-265-rj85,dfqj-742,968,2022-04-21
exoh-879-yh,hon-678-zk13,qhgl-659,4,2023-05-30
kfgv-632-qz,ixt-106-zm57,tnpg-923,153,2022-05-29
klda-327-ho,gqu-853-sz68,xavr-742,384,2023-06-02
kosm-163-jl,oha-926-wn24,tpxu-859,318,2022-10-09
jial-607-vp,dgp-620-mn05,imlu-784,917,2023-07-19
fcrk-560-lp,liw-983-bx29,pfib-053,288,2022-10-15
ajrm-430-dk,tyf-126-wx12,pwri-201,878,2022-03-08
bsfg-192-xw,arf-089-rs79,rkba-815,187,2023-10-02
fljp-820-wi,lph-641-xo21,dgci-062,128,2023-01-19
jksb-986-xg,gev-327-al01,tfaz-946,245,2023-07-15
ewhq-176-us,sfc-208-fw73,nlma-793,433,2023-06-28
jead-789-be,vld-829-an40,aekq-537,427,2022-11-19
ybcg-720-rz,fzw-709-qd06,acqn-128,865,2022-03-04
ahxo-842-om,ity-963-du41,hvbc-263,46,2022-12-20
rgtw-857-fo,nbo-692-om07,vkms-127,409,2022-10-23
lmrf-791-gu,mkl-703-th23,fyri-876,889,2023-07-23
cenp-960-ko,ijq-463-rd92,jlga-659,689,2022-11-09
cgat-423-sp,klt-483-gr26,dgnj-872,311,2022-05-28
cfjm-805-lx,ygd-691-qa13,fyri-876,710,2023-11-30
qrkt-893-cp,erx-732-qs38,mvyq-807,651,2022-03-15
ujpv-590-lv,xnm-094-kl21,qtdf-926,537,2022-10-13
dghz-459-co,dtg-783-et31,tqag-057,8,2022-11-05
yoxq-471-ed,jth-906-ku42,qcfb-708,805,2022-02-15
vwdj-581-gm,fsp-609-ji61,hvbc-263,383,2022-08-31
eymq-387-eq,tvg-359-rt18,gxdl-398,430,2022-11-18
takp-610-qd,ypi-392-pa12,rnaz-732,619,2023-05-31
tcie-798-jc,yjc-123-pa10,cflx-502,618,2023-07-16
rudo-168-bh,zku-172-qj57,tgcx-712,160,2023-03-10
yqrk-196-du,uaz-149-bk94,qesd-193,628,2023-03-28
fwsy-480-gt,zrs-463-vf93,ntbd-635,435,2023-12-24
osve-025-pk,jds-832-dv75,gohf-372,486,2022-10-30
ryew-348-hn,skm-893-xl29,wryf-417,255,2023-06-19
bhqa-401-vf,ati-728-ba05,dbcw-314,510,2023-04-16
hgux-764-vr,nvg-958-yq04,lzhp-045,267,2023-08-21
uibf-716-ho,glf-068-sc56,nkhr-786,292,2022-06-04
wpdq-306-fx,ozt-584-hl78,ypbx-478,354,2023-08-02
kmgz-709-jc,ocz-139-sh41,ranj-428,249,2023-05-05
dbhw-082-xt,zen-643-ha45,vkxn-986,149,2022-10-29
omqu-173-sd,oln-978-lb74,zjgu-963,336,2023-06-07
fevr-518-pt,ptu-637-wp36,smix-830,491,2022-04-08
zuqb-723-sr,vwy-524-zd18,ojxd-512,808,2022-11-10
ldkb-027-yj,vmd-478-bg56,bxst-291,104,2023-11-27
exfv-019-zi,jsy-378-un69,tlpw-123,617,2023-09-23
rqtd-306-fi,gld-957-pq91,ckte-834,904,2023-11-18
lbmc-713-to,krs-879-uh25,irxk-720,958,2023-07-08
rqyf-294-pa,kuz-714-nv91,xgmj-896,688,2023-08-09
eubp-493-gx,qha-569-uo17,jlbh-507,90,2023-09-22
htoq-528-xn,zov-407-em42,sfzq-142,459,2023-07-08
sfqb-079-ka,qhs-942-te16,pwvn-935,805,2023-07-27
vrlk-125-wj,hvt-032-xk16,dfwm-498,954,2023-01-06
tefa-037-uw,tpc-109-ay15,icvk-920,762,2023-12-26
dfev-976-be,chx-857-zs50,vzyo-614,250,2022-12-29
zder-082-vc,vkg-315-vs96,etqx-750,540,2022-08-03
ukyi-960-ut,vhm-315-pl82,tkcn-721,272,2022-07-18
jafx-021-ch,gvb-153-ep91,ukpf-967,681,2023-03-24
ibqr-780-nd,oyg-819-ai09,mtip-510,949,2022-02-14
gexh-430-rc,wav-265-rj85,ypbx-478,137,2023-10-13
exuw-352-ap,vxr-179-vt72,earp-189,19,2023-05-05
bdwu-219-xz,zuf-147-ie68,syic-172,843,2023-07-05
jzfv-529-mv,odz-360-eu78,nwfu-203,867,2023-11-10
vlpi-207-yk,kqu-607-tk01,bdjs-397,183,2022-11-23
uhfg-894-kb,ajx-254-zd23,pahj-519,510,2022-11-03
yhad-513-lk,uwt-632-wk60,gnvr-174,88,2022-02-23
rpmf-034-tg,iuk-302-tm25,kaow-081,917,2022-03-15
hxtg-295-md,xfr-689-hr13,vbtk-924,860,2022-10-09
mvhn-864-oh,xyt-967-or13,onka-350,525,2022-06-23
kufb-786-vc,fjn-365-fi75,mvyq-807,686,2022-02-17
hptj-349-cp,xfa-983-ax87,tnyh-849,663,2022-04-03
pujg-671-kl,nic-190-cn85,lfwq-768,538,2023-08-28
zjsd-920-yn,nhr-120-ah21,pwvn-935,35,2023-10-16
rvae-769-fc,mjq-142-go31,wuaz-187,148,2022-05-26
xaqv-640-yz,gtp-627-qp76,tfep-496,654,2022-04-27
otqn-295-wp,xyb-950-vo72,rxed-130,667,2023-03-11
bdah-239-lf,bsa-968-hi26,werc-207,257,2022-12-14
gvzp-831-nm,wdy-905-ju68,hzsx-185,51,2022-05-12
esno-035-ca,ywg-456-sc62,dvwy-328,475,2022-05-09
kqsb-605-so,bhf-953-sm76,yval-691,438,2023-08-29
aksu-352-sl,rbj-367-ai70,kjfc-265,402,2022-09-07
ezsd-453-xo,dpj-803-ks87,cgny-629,598,2023-07-31
gtoc-609-pq,fnp-126-ig54,qwpt-735,648,2023-10-03
udsc-536-ws,iqb-806-fm36,bfyk-187,245,2022-11-10
zvot-296-ez,twb-790-rz20,ubho-502,940,2023-09-01
rmjh-371-da,oxy-756-cd35,ilat-706,392,2023-08-11
ixan-916-yx,upj-374-lx63,hzmo-230,931,2023-09-23
itfh-204-ep,avl-357-gv52,ufhs-325,149,2023-09-26
kzfd-378-sf,gqu-853-sz68,azxn-376,184,2022-01-25
vijb-807-ch,odz-360-eu78,ilat-706,455,2023-04-22
icxq-582-yp,qiy-956-ks30,iuya-750,278,2022-09-22
jazu-073-mh,xlj-527-lf50,vnop-519,894,2023-12-08
jxut-487-md,awz-613-in40,svof-230,693,2023-03-28
oijs-963-va,iyn-369-kt81,pyfj-529,834,2022-06-08
ybzw-290-hg,xyt-967-or13,jiwd-274,471,2023-06-23
pnud-412-ba,yop-425-mn94,sokr-395,433,2023-09-08
zlho-089-uy,ysd-074-ub62,jzua-584,356,2023-02-27
rktq-047-qn,qhs-942-te16,hyre-583,837,2022-06-14
helr-807-qn,tyf-126-wx12,ekgu-163,906,2023-02-17
exrk-706-js,fcw-629-hi36,soyi-871,162,2023-01-11
ucjs-039-uf,oun-391-ci20,dxkh-429,719,2022-02-26
yozj-732-og,vzp-074-ny02,tvwf-987,888,2023-12-08
cdeh-742-qs,nlo-628-ql98,ikdw-937,373,2022-10-23
lygh-762-hn,xlv-327-vy82,zdgw-635,178,2023-03-20
xnpl-703-lj,foe-016-uj71,ferx-910,436,2022-07-20
blqf-107-ra,exb-547-tp58,ixlt-970,739,2022-09-02
bxcy-950-la,whr-792-ku49,mvyd-248,547,2023-11-14
tgmo-450-xr,ysd-083-fy31,trfz-470,517,2023-08-03
fzkg-690-vj,ioy-074-hw74,mzat-698,589,2022-05-24
rpjh-527-ka,ylr-851-kt50,xnfr-341,501,2023-09-28
lgkb-275-nu,xsg-987-wu45,ixah-564,843,2023-05-21
ejcg-257-lz,xpa-263-oa80,jhzu-083,233,2022-09-01
pjiy-804-eg,twb-790-rz20,uaoi-923,464,2022-10-17
pgbv-086-xd,nue-068-dx46,xnfr-341,338,2023-10-03
rogi-546-lj,rdl-096-pr41,mnqh-410,503,2022-12-01
wuzh-751-nx,nic-190-cn85,rwqj-681,552,2023-05-01
slvj-573-ir,xbh-489-oq83,yblx-214,260,2022-11-19
zfvs-821-ck,znb-705-vi98,kjso-523,186,2022-07-29
nemb-563-ya,bmy-371-nx71,jpsd-325,517,2022-12-26
djfn-489-bc,qev-724-gz41,kyao-573,203,2022-02-28
tfck-648-pu,nec-951-dz46,nxck-263,859,2022-05-08
btcv-795-ux,idg-417-sa63,tkqm-758,159,2022-01-22
azdg-418-gi,zto-409-oa74,ovab-014,587,2022-06-14
exco-350-yg,cut-753-cm82,azdi-439,201,2022-05-11
jlcq-491-rg,yis-801-hk53,alyn-245,312,2022-08-27
jnva-542-jg,tnb-527-nm07,nrpx-510,49,2022-05-04
xwdj-179-ct,iak-279-ux41,otfl-059,984,2023-01-07
fisg-506-dx,jfa-062-tx20,fnvz-972,570,2023-03-11
ukft-316-ut,ycp-079-fr86,lapk-497,343,2022-10-16
rebw-028-gs,yma-279-om47,ndfb-192,393,2022-09-03
ytun-728-lq,lis-924-wf53,wdhs-586,234,2023-03-07
ngte-504-vu,lox-812-xh78,zosa-974,358,2023-01-21
dmps-578-bt,uzt-857-ly12,boaw-547,349,2022-04-25
peyl-461-wz,vtn-371-vi27,bvyt-895,664,2022-03-28
icbz-362-qe,tsj-105-ky23,bnug-178,173,2023-09-11
jrxt-657-tg,wio-578-yn38,sula-907,863,2022-05-02
cujg-187-fg,qsy-712-ls65,slad-019,378,2022-05-08
wxor-341-zj,xqw-675-hk35,urmj-982,338,2023-12-23
sgeo-208-wm,bhz-781-io26,izvw-361,189,2023-10-14
gfco-582-wf,ibp-756-wi21,pkms-953,213,2023-11-16
gzis-478-yf,mih-324-hw76,sokr-395,383,2023-11-10
xfnp-958-nz,csj-230-kz57,lfwq-768,941,2023-07-20
mlxs-824-qm,ain-375-vt08,pdqy-783,940,2023-08-18
diej-987-pm,ryj-348-nx61,bruk-503,159,2022-07-14
oalp-602-cd,emb-873-av70,isrl-352,113,2022-10-31
zfcl-672-hc,ode-435-ev53,vkms-127,600,2022-01-09
acrq-859-al,icy-017-na82,krfo-037,619,2023-11-15
wjmp-621-ra,qip-231-tl38,wuaz-187,234,2023-03-21
jxuw-583-cr,htk-179-sk09,olhj-154,590,2022-02-10
crwh-981-xf,ebw-829-gf40,apoe-642,947,2023-07-16
pvjx-074-hg,ijc-245-wu02,krfo-037,646,2022-07-25
ptda-364-sw,tgs-871-kp10,trqs-109,887,2022-08-05
ntvr-961-ro,alq-847-ej31,rvhy-321,154,2022-03-12
tzwv-096-zo,bwi-174-jr60,vzyo-614,797,2023-03-16
fzkt-283-jk,lnt-439-tm59,vyzk-136,926,2022-10-24
prfj-642-fr,vqn-510-ch75,pxog-359,260,2022-12-19
wekm-472-qg,bks-937-iz59,ybun-685,772,2023-08-03
lzna-058-iw,xpa-263-oa80,pxua-920,358,2023-03-25
bldz-140-tn,xvr-794-vj06,xayk-643,920,2023-06-25
wglr-316-cr,ybi-729-ro40,dwiu-289,649,2023-02-19
ygbs-032-xw,flx-745-gf32,boaw-547,329,2022-04-11
bwol-789-eq,uev-809-mv71,wnla-289,614,2023-12-03
thvb-159-xi,dgb-496-lh02,jmzh-704,894,2023-04-05
htzo-576-my,ouj-067-tm35,yglf-367,457,2023-11-20
tdzj-302-zf,tkv-324-hj42,qjfr-235,643,2023-06-03
ejhc-492-ne,ihn-985-ew63,mdbh-561,760,2022-05-13
ahld-679-im,vsj-917-uk65,sfiz-352,314,2023-02-23
lnoi-532-vm,kvf-381-jo82,oxza-781,355,2023-08-03
lprg-053-uv,rph-037-hm43,oslx-390,467,2022-02-01
avhf-027-tb,wbf-320-av39,lcrf-175,59,2023-09-04
iumd-263-rh,osa-536-tm62,evkc-683,414,2023-07-12
lihx-768-kw,nhc-894-yk36,nugc-857,392,2023-02-19
nhwg-056-iw,lcy-259-nr16,qhdr-425,647,2023-12-10
fjvw-901-ry,ebq-273-qs68,mrtn-412,595,2022-07-25
rywj-456-fm,jlb-185-qp31,lfwe-539,659,2022-05-05
zqky-216-ig,uaq-793-mc98,ubaf-926,189,2022-01-03
ximh-485-vb,yif-946-ti41,odva-045,634,2023-03-02
amek-089-lz,xnw-507-uz72,kotz-845,785,2022-01-29
xwka-842-wc,bmc-904-jh75,ermf-954,871,2022-10-30
nrbc-169-tm,mkn-547-wb39,dlgq-476,848,2022-09-16
wacx-941-nd,gez-745-xw34,eqdi-630,702,2023-07-10
oqwh-935-ax,bpn-134-bm60,ntbd-635,587,2022-04-07
mnkz-493-jq,vhi-081-ez73,wiuv-610,17,2022-03-13
bdwo-735-st,pms-406-bs19,kxup-738,852,2022-09-14
wndc-172-be,syc-970-pe95,jyuf-087,736,2022-11-01
zoac-286-qz,kdv-159-np65,sdar-816,445,2022-08-28
winm-109-ah,hds-983-ph21,bisf-316,991,2022-08-02
qmhj-864-ap,hpg-345-rp40,qmyr-527,68,2022-06-07
phiy-084-mb,pcq-387-id09,fpal-753,596,2023-12-13
lcyp-432-vz,wbg-107-ki60,djnh-263,399,2022-01-01
blug-953-ha,qjo-689-jh10,dgxb-456,917,2022-12-05
ynuc-817-hn,oap-289-yk82,zkty-976,813,2023-03-17
meun-924-ec,pch-132-jg95,vyzk-136,444,2022-01-16
gisf-754-wm,loj-159-le80,vtnr-850,315,2023-05-10
kcyr-168-gy,fjd-569-sw31,temp-456,723,2022-03-08
dfjv-967-nb,wvs-329-ln62,lkin-259,61,2022-09-21
pbmg-234-uy,zxi-583-og26,esto-683,547,2022-09-29
lmvr-836-zm,fni-546-tb28,cbeh-782,474,2022-01-04
gavs-467-re,shv-935-qa58,ejig-258,960,2022-12-18
ufni-086-yz,gjk-710-mj62,vyzk-136,755,2023-08-24
ogkb-906-pv,zeb-098-iv48,guvb-398,471,2023-08-14
qzso-951-wr,xbc-508-li45,zqjb-812,100,2022-04-21
hlng-126-kv,hda-159-pe81,yiow-603,983,2023-04-30
akdp-387-dl,acx-861-ns76,jmzh-704,204,2022-04-21
rpkh-834-wt,aoj-106-xe92,vbtk-924,496,2022-09-29
fprt-153-it,hvd-039-yn09,bnug-178,571,2022-01-24
oxvj-378-gc,wky-315-wg79,otyi-985,460,2023-09-13
agxk-380-sk,qbl-436-we30,nvbw-186,305,2023-07-11
cxki-379-pg,asr-206-ec82,txsz-237,812,2023-07-02
fery-029-tg,alq-847-ej31,ckte-834,855,2023-04-09
wmpy-018-vy,qyo-328-wh79,bnug-178,624,2023-09-21
vdtx-316-bz,ist-290-zp32,uxze-452,170,2022-12-05
pvlh-681-gi,iaf-631-wz06,opdi-983,513,2023-04-09
fjet-209-od,dsi-753-so23,xdlw-957,582,2023-02-05
lbwp-548-rg,adw-173-ij03,svof-230,280,2022-12-15
xwzs-248-fg,mih-827-fd18,umye-805,79,2022-02-07
xwmz-601-yz,pcq-387-id09,acfp-812,363,2022-09-08
tejk-805-ti,dcv-053-lx28,curh-526,905,2023-01-15
ybao-340-jd,ioc-318-sd21,jesw-861,664,2022-07-25
ndpq-210-oc,lox-812-xh78,vmyd-875,105,2022-03-14
busv-574-kp,rba-736-ba85,idmc-430,337,2022-06-25
nbcq-894-wv,xsy-236-qr62,vkxn-986,73,2023-01-03
fptj-803-wp,ctx-076-rs81,cawu-802,898,2023-02-16
hdvw-475-qa,thb-054-vp21,zgsi-720,60,2023-03-22
gclo-360-gx,kma-235-uf24,ctwm-830,941,2022-04-19
tyfp-905-us,dyt-637-gs56,scat-760,655,2023-02-04
ikdo-358-mj,mlo-328-to67,ptqf-714,965,2023-06-07
miov-287-cf,qfa-265-ij58,sdyl-630,96,2022-11-13
ykae-457-zx,irw-450-ov74,urmj-982,78,2023-06-24
ghzk-930-lr,gsb-094-qh10,qtdf-926,736,2023-05-08
edgl-296-yd,kat-976-jl46,qjfr-235,136,2022-11-25
orfy-501-bw,ytz-628-kg79,tfey-742,396,2022-05-08
wlek-328-uo,jdr-607-vk01,qhxi-193,435,2022-10-27
thnp-682-yq,mow-104-ji05,hdiz-603,268,2023-06-20
beak-829-mf,ckw-372-nf82,jlbh-507,660,2023-02-27
fazw-458-lq,atx-196-wj60,qkld-962,84,2022-02-16
utwc-471-so,fdq-572-hl65,ozvq-516,559,2022-10-30
rjhe-398-tc,hxp-052-er48,siul-516,590,2022-06-20
kmdp-095-xq,ouj-067-tm35,tuoe-489,652,2022-08-21
asvf-642-gc,twp-216-uz57,gzes-280,67,2023-01-24
etjx-518-bj,oyi-765-fd83,ljgq-302,644,2023-12-10
ypmw-315-fk,cyz-846-ym07,mzat-698,478,2022-03-15
oswq-324-js,scd-085-eg14,teod-143,120,2023-06-09
ycbw-654-xe,dcv-053-lx28,qktj-835,950,2023-06-04
yqpb-589-re,htg-091-mb15,ydlz-904,19,2022-10-05
lbke-267-im,qok-189-kt63,abcg-890,858,2022-03-08
nbcg-792-zg,cpx-027-bm17,nmog-549,890,2023-02-21
ohmt-863-yb,etq-951-qz06,mwyk-042,108,2023-08-05
oxgb-519-og,ojg-380-qn15,sfzq-142,17,2022-08-22
jrdm-249-rw,ubc-753-sn85,ndtc-580,957,2022-12-29
mlnk-261-cq,mxc-485-wu94,oxdv-702,258,2022-12-24
pxir-194-uq,iqe-427-fe13,ozwq-783,798,2023-01-09
bosw-760-bv,wef-753-qe59,bruk-503,824,2023-01-23
ahry-809-yh,arw-924-mq41,dqwp-789,672,2023-12-28
atiu-832-mb,evd-276-kb71,vzyo-614,47,2023-04-15
nrze-982-rx,apf-796-fj26,jeph-056,440,2023-08-25
lvbq-261-ra,mxs-024-bk78,azdi-439,875,2023-11-28
lhob-396-tj,pjh-762-bz69,mdrw-057,163,2023-09-12
gsen-570-kx,zec-146-xr62,zeqo-493,33,2022-02-22
kifo-294-la,yba-352-ks89,iobq-301,412,2022-06-12
wayv-912-bd,ngr-382-gx61,rglb-275,642,2022-06-28
cqub-714-ra,zya-895-vt43,hyup-921,169,2022-11-05
hnvw-583-jc,htz-108-as62,uovf-587,413,2023-11-15
fwih-912-rc,ojp-012-yu76,ubnl-732,91,2022-04-23
lyhr-093-oj,oqg-792-pb91,rdna-650,163,2023-09-28
pqjw-971-hd,ajx-254-zd23,thmc-647,282,2023-08-09
rbwj-267-nw,buh-817-qc56,sxqo-789,591,2022-12-10
xney-216-ip,dlp-613-wc21,sftj-374,237,2022-02-12
qhon-593-xz,avp-869-yh02,olvu-602,520,2023-12-11
hjwr-340-zr,qku-694-pz03,zlec-231,825,2022-03-28
tivy-439-hz,yap-734-sr27,ugjo-756,51,2023-11-27
rfnz-167-qw,zxi-583-og26,cnhx-637,227,2023-07-21
xegr-649-ap,bac-931-ry89,bcsp-807,562,2022-04-25
xdfc-067-dn,tno-365-gr81,tjzo-351,461,2022-07-10
hiry-843-eg,oxc-629-hn27,jesw-861,928,2023-09-03
mwxu-521-tw,ihd-083-by79,hbxp-692,576,2023-10-03
gumy-321-nv,rhp-567-im32,ecor-867,921,2022-08-17
knpf-275-wj,yfa-567-hv25,tmdv-065,360,2023-07-12
vwhq-483-mk,lip-128-im59,qhdr-425,520,2022-11-03
nvdu-257-ob,auk-164-qs91,vyno-385,370,2022-07-26
oynq-265-lc,nog-273-wk17,uxze-452,670,2022-11-26
rmxf-760-vh,vpd-034-sl42,iluf-842,388,2022-09-13
zphf-170-un,enq-560-fk03,robp-270,753,2023-01-22
ihyf-625-qc,tge-807-hz53,skrc-409,106,2023-01-18
mukf-562-bk,ryj-348-nx61,enyd-537,190,2023-10-10
vozc-718-ye,yil-072-hb97,bcmt-591,133,2022-08-13
mcjh-827-dk,ioh-058-ij27,pvcy-891,138,2023-09-13
bdyi-961-um,qpt-216-lx57,vkms-127,646,2023-02-25
obge-059-wq,uqt-835-qf35,ocbt-823,795,2022-10-22
tiyn-416-bs,fou-524-lm96,ageu-308,872,2023-11-02
uwzm-371-ko,ujv-532-wn82,ygnb-942,458,2023-06-10
dcbr-201-ho,sta-548-es60,jreo-301,934,2023-04-21
xfdj-870-at,gby-701-kb09,crbk-152,186,2023-11-08
yomc-541-ct,lmi-817-ve98,klpw-421,876,2023-01-04
idpc-510-ln,oat-364-yc96,ohpu-658,682,2022-11-01
onhq-450-pg,qml-568-su19,cmsp-983,758,2022-11-07
watd-581-dh,mqz-692-iz68,olhj-154,441,2023-11-12
vwur-523-cj,ywg-456-sc62,gejk-365,680,2022-05-17
nsom-840-pm,djn-912-ba87,ikca-825,930,2022-07-03
byre-175-nl,crl-081-jp34,kxdq-027,763,2022-04-17
hgry-273-no,lan-952-it21,jibu-265,266,2022-08-15
fydq-392-up,xyb-950-vo72,cohz-429,472,2022-11-18
uaez-231-ui,hlf-632-je36,yxnu-530,528,2023-12-22
lpmq-032-lm,arw-924-mq41,tpxu-859,656,2023-03-04
frjh-540-in,gfb-031-ns90,fjad-680,665,2023-05-27
gqnf-387-ys,lfa-185-ml70,gmrc-726,540,2023-11-04
cxkp-294-pv,xnm-094-kl21,xnfr-341,290,2022-01-02
ntug-297-ng,dao-092-kx86,xnzw-954,73,2023-08-02
vlwn-014-lr,qfa-265-ij58,sqmg-178,8,2023-03-13
mohk-517-cw,wsc-987-kc02,djnh-263,5,2022-08-26
alzm-406-ef,cni-947-vw05,rqvs-647,977,2022-01-28
gdxh-790-nq,zqy-354-ew97,kaow-081,35,2022-09-08
