product_id,prd_name,prd_category,unit_price,prd_description
da6fb6ae-81d3-4cbf-a12f-cac2b2dfd774,onmc,home,42.7,Require store also war.
02004c93-a6b5-4954-b450-72c3af5a4ed3,uejl,home,71.9,Turn go of may miss wear.
72c14485-bdf0-4d86-8fa2-6801083f8e1d,oikw,electronics,69.0,Shake young however speech during early across.
ab4bfd48-af64-4499-ad97-35d95a17c766,wmzl,home,21.1,With water remember career price.
45b12f5d-abdb-4f27-8e06-cf0f91430983,ynrk,electronics,30.3,Choice feel century ground popular need.
3e28665a-491a-44cd-a9db-d3115aeeaa59,evgw,home,48.2,Tonight tax sport order mission enter.
7ad50de2-8a5d-4626-91f9-85dcc3cca137,yusw,beauty,39.4,Right forget region entire itself.
d198c838-fbde-4b27-952c-6de60c9f7857,ndxp,electronics,38.4,Left staff light.
eec48d2b-9e99-4ec2-a199-e7c804488a2d,soua,apparel,96.5,Enter seven moment like effect me also.
b140a888-532e-42b3-99ba-c47cef57521b,cdag,home,25.2,Actually marriage different knowledge always.
95a81740-17dd-4a40-9014-01d8543dd29e,wrbp,apparel,42.9,Citizen give coach night.
c6a67cda-0ec7-4d75-bdfb-8c5fdfb58f88,tdxo,beauty,0.6,Keep environmental town including glass oil.
1528b82e-c14b-47af-a2be-e817c668a92a,xjgi,beauty,72.8,Then try oil. Which truth future certain.
cebc4d1e-51a2-4183-a590-18b76e6be25d,yxko,beauty,25.7,Of its some manager. Its want hospital early.
ce9b4831-58e7-47cd-b806-ee1bb0cbb616,ypet,beauty,14.6,Term since cultural lose particular treat once.
7f4eb721-671d-4543-807a-d0d47fd02646,tnch,apparel,11.8,Bank stage buy whether.
d6d88d10-36d2-4f7f-a90d-9e7df8609d9b,smlo,electronics,95.8,Fight partner central way become film such.
bfc3555a-39e7-4e17-abd5-9c38f15b7f7e,jvur,electronics,52.3,Herself ever west chair eight join.
8f519bfa-977b-4153-a094-f4dabfd52e6c,jmdq,apparel,73.0,Raise particular nearly nothing test.
69b7e460-236d-4355-bfcb-ac1ae6a2356a,btfz,beauty,64.6,Simply even himself body wonder red put.
a27e9fb7-a77c-49d4-afe3-89026c0f610b,jpaq,beauty,11.2,Station watch financial must.
a45f3c3e-50d1-4e9c-b162-fcb45a20caea,eizw,apparel,1.8,Culture per our bar least cell product certainly.
6d2eb305-083e-42da-a3a5-5bb2e6f28181,iult,apparel,70.8,Agency couple hospital especially.
4fd2025f-223a-4652-abfd-5e1694044db6,xiua,beauty,0.3,Money when miss.
5416622b-fbeb-4293-8255-493cb435eaa6,iqle,home,71.8,Hot matter well.
50acf9d8-ce0e-40e3-ba31-29657cfd873b,magw,beauty,81.7,Short simply travel example skill economy.
02c15d66-08a3-42d7-9431-8ffdc981d2dc,parc,home,93.9,Stage common market night one include.
6da3caba-4f26-48fa-b4bb-aca6364850bd,xsgm,home,90.0,Friend here economic.
ae610504-ee02-426f-8187-a108ecf14cb6,gjol,beauty,49.6,Exist bag society lawyer happy.
118b02e9-1347-4935-856a-c9a09909f9bf,yijp,home,73.6,Sit garden positive save bad.
73b2e9e2-ad93-4d94-9dba-b8250f877f0b,bkiq,electronics,8.6,Become bad fight run hot.
6e7728ce-f5f4-4dea-8e7d-38b50d7c8b44,owky,home,31.3,They never wife send south.
c0f69b25-15ac-4323-a3dd-dd770b819c4e,jrgp,beauty,95.1,Whose appear pretty above serious care computer.
3fbe1747-88f9-40b9-b179-2b096aad0574,dymo,home,85.3,Value piece early former sound exist.
ab189578-3dba-4c24-9264-77ad4ff213ea,yeja,apparel,73.2,Drop happy manage production home sort.
05766da3-3cf3-4761-9762-ec07a4fa9b3a,kavu,apparel,25.2,Side her air with practice.
91b09226-80d8-46ac-a755-0b8e94193af7,wixh,beauty,63.4,Learn be bar finally final send face.
f53c9435-2143-47fe-8d33-4b4ec2f3145a,ecnb,electronics,33.3,Or something happen seek single.
9fcc2031-ff7d-4296-bcff-8bfa054df73a,fzlb,apparel,74.0,Person exactly those herself sure avoid.
bce39764-28c4-47d0-be71-a3e7de99f2af,jyxg,electronics,38.0,Suggest arm benefit thus machine contain.
f23a5e1d-ecf3-47b2-8660-b13bdd9c828a,jpxn,electronics,35.3,Then various rather.
bf073c7f-68cf-4365-97aa-2dcaab5f0b42,lspt,electronics,60.1,Maybe sing group main most save.
38abdfa5-f3a6-4e6d-b1f6-13a08a220244,bsxz,home,26.5,Natural lot response focus wide relationship PM.
6f3e55de-616d-4ad2-afb5-e7e429b3cf8d,rsbc,home,9.7,Change standard leave born oil. Crime well on.
fa016e53-0d10-4622-8d60-500e4b87656e,oqcv,apparel,51.2,Model rule employee still despite buy candidate.
2f7c16ed-72c0-46b1-8176-296d9273df7f,zgow,electronics,89.3,Special these glass child source.
18cb2c60-c9f6-48cd-92ad-5def31272ee3,sypf,beauty,46.5,Who full share another.
a5ebfc54-4a25-488e-81ee-7216cbc88317,mxhz,home,5.3,Several interview thing character phone effort.
85bbef5c-2aec-4a74-a5e8-40921bc6e219,parx,home,56.7,Skill letter else walk recognize.
24102c4f-1449-46c4-a288-9c10eb17b78c,wlct,beauty,24.0,Speech start accept together.
ec1db41b-dad5-460c-aa6a-26ad1fe84c9b,wxjm,apparel,56.7,Mouth own back.
f8446513-d919-4c7e-8fd6-670fd1265b8a,szyb,electronics,78.7,Heart sea could might serious.
ae9e790a-8e69-4ccc-b84a-142bf2aeb1e3,vwzu,electronics,88.5,Full picture friend director.
c3a94800-dd6f-4f6e-a201-4dd1c212235b,koec,home,45.0,Figure listen quite event kind.
0e240960-3517-4f18-b022-14bd205d8afc,ltdw,home,52.9,Every offer worry each tough happy.
98fc4055-14d7-4825-b2a9-028ad9993ce5,guem,electronics,71.4,Like approach someone leader really commercial.
4151571a-5b78-4179-8f21-04918d758479,doqe,electronics,17.5,Plant threat game rest above.
079935ec-99e2-4842-8863-0c1bbdb47b30,tbyd,electronics,11.6,Through evidence fill town.
e4709355-612e-483e-898d-a8e283faa660,wbgi,electronics,41.5,Its type officer risk.
c7e9ba7a-12dd-453a-b4ba-6f33858612bc,zkwo,home,88.9,Laugh leave our however.
db8813ff-dc6b-467d-9b8f-2c54ef39f8cf,vptf,beauty,86.4,Agreement these house.
37fe0c3e-fcc9-4e10-85b0-956653b2ab61,upke,home,30.9,Benefit marriage accept thought this vote.
ee031836-1371-466b-bacc-d1dcb203af78,kzrj,electronics,76.3,Toward fall become cut yourself key scene.
cf393065-5af9-4774-be71-31c3e2125195,wocq,beauty,46.4,Culture loss sing build clear.
e3699314-d861-479a-bb7a-304c7bc13190,piyq,beauty,68.5,Happen language worry cost realize perform.
bfb36af1-d41c-4b43-8d37-ee05e23a255f,tzba,electronics,79.4,Natural sort send pattern could.
a47b2259-2316-48ca-bc33-ae70d8f6f9b2,erta,electronics,74.6,Behavior particularly school design memory whose.
cb662a60-3a4a-464b-b71f-779506ae2e3c,iaqr,apparel,96.5,Possible move red tax consumer economy.
feaae2f8-07ff-4ee1-80a3-90e5e3f2fd81,svyu,electronics,14.6,Watch any nation visit necessary operation.
3c0b7e26-9d13-4b85-aa42-bec1c15cdfc6,lrdo,electronics,99.4,Look free whether mention most section page.
20d72388-cf3c-4fb5-a0d0-dc7564102a65,weml,electronics,51.1,Air thought able short lot.
742f58e8-4783-405d-94b7-6efd0279f6e5,qzed,beauty,87.3,Religious sort war such eight become fly.
7dc3e1d2-3b2f-4693-8bbf-f6e01485e869,emgp,apparel,82.1,Ahead check physical especially watch six.
a8558307-d32a-4ee9-b4f5-44f443bf5a95,hqux,beauty,13.6,Scene doctor provide energy son great.
c575e945-b801-47ca-8610-bd32a3eb5c22,lsem,apparel,34.4,Expert even sell.
851039fd-8e0e-427b-becf-d40bc0f499e4,uiml,home,15.1,Bar PM water teach be move if modern.
de058ff2-b129-42af-bced-28af7f651601,khou,beauty,30.0,Ability career degree through.
ad72b6e6-0be7-435e-b508-bbc37a8d22f3,yths,beauty,87.9,Effect past happy put show.
19fc87f5-88e6-4596-865c-30fdff30a531,nwzj,home,58.0,Well newspaper top while receive social.
fde8e7e7-15aa-434f-a263-e86ce0506f02,hiju,electronics,91.6,Begin surface care little stage dream.
e7334305-2a27-48bc-b4ec-80305c5ad04b,iubk,electronics,92.2,Certainly analysis site thank production this.
e98b8515-a46b-443b-bb43-9b71dd8ccc67,fqya,beauty,8.5,Become clear myself office carry.
dc4038b6-a88f-4a52-b4ba-93d1d11539e7,juvz,electronics,0.8,Save growth mission.
5ccdc54f-a4ee-4b19-b2d7-8eccd59f6c62,ihny,electronics,7.5,Throughout at statement before certain maybe.
d4fa3a02-5671-4c80-934e-567d3dad1c7e,kpiz,apparel,17.4,Still mind buy what wait the admit.
afdc1e4a-3a31-4a3e-9afe-527eb8ac7c78,avfu,beauty,56.1,Huge work him land though hard charge.
1576c65e-ca0c-4a61-b571-eb3c9e323163,tpor,beauty,58.2,Religious order number close.
b34c4991-6348-4d16-9675-d9ea1b9d6f72,jrch,beauty,34.4,Question drop one eight I hope without.
7f9c1113-2100-4188-a6fb-8adabc3c40ad,oanw,electronics,22.6,Agency need effort soldier.
ea43169d-6d8b-4dcc-9a60-67433a4602ab,ansi,electronics,31.0,Surface include soldier on upon.
463c2463-3099-47c1-9ff8-a47c7ca170e0,hlsk,home,53.5,Decide officer body hand might material.
373d37de-2966-462e-b548-bb96023358fc,fvpi,apparel,33.9,Soldier leave talk.
6e270e98-d5f6-495f-95bd-43228c5870be,irjd,electronics,40.7,Generation us reality.
0fe4ce3b-6b3e-42a9-89e2-ff48450618e7,efpv,apparel,44.0,Give before what. Garden hope feel middle onto.
e079e068-1415-4da1-bb7c-3ae2f4e8b1eb,nhdv,apparel,79.9,Official economic level standard same.
61f0f933-0a91-4459-a1a0-c16376e76619,zuxw,home,48.4,Fact ok probably table including begin.
05d43c50-1301-4394-87bf-0686ee9fb5e3,sqnr,home,39.0,Be along upon successful church where offer.
62974643-fdec-4266-b883-714aa009cbfd,smaw,apparel,5.1,International guess nice range rock ok rise.
bd0d3154-13f5-4446-983d-164cb16ffd70,fpei,home,35.0,Morning community difficult quite.
67cc0c6f-d2db-4823-81fb-e329af75b794,hryd,home,96.0,Peace discussion behind including peace new film.
e1e4788b-c861-4c7d-9d79-9911aebc42b7,syku,apparel,15.0,Form produce reality bit once. Man hold edge run.
1da92863-e12f-447d-89dd-d2e8b0ea8882,bynp,home,14.6,East protect voice trial involve cup particular.
7abeebdf-7ff6-40a2-8e07-f429379daab8,jesl,beauty,25.4,State adult officer quickly lawyer answer church.
a2630220-5c55-4b08-b57e-0bd0eadbc1b1,vofh,beauty,96.4,Particularly middle later mind production front.
ee674721-5112-4d6d-af81-1eb8ff51393b,jwyp,beauty,44.3,Again industry career simply.
3b79a6bf-b797-4c5e-b92a-b61521266e35,xrok,home,1.6,Off single film memory standard trip.
55c09918-f038-4b61-abba-e116053e3c52,dwte,home,64.3,Child my government marriage. Share company sort.
702bb3d2-bb9b-4c11-996b-36bc42543157,ptek,beauty,72.2,Break face employee pretty.
551b4782-f282-4e53-baf1-65bf6bd674d1,zpqf,beauty,81.1,Eat do scene either could according as.
edf105f4-3d6d-44b3-83c9-21076f5583f8,ibnv,electronics,27.2,Along audience skill ahead.
1d53626e-6f9a-47ff-84d4-09ae7cf0360c,dobk,electronics,13.6,Behind thing environmental guess once test.
04ecced7-253c-4263-8b11-ed4ff82fc365,tkvz,electronics,52.7,Choose method season.
34004678-80f9-4c4e-99e1-f0f316be69b1,pbln,apparel,20.9,Class Congress central imagine house.
c7902558-a2a3-4fca-88ee-d9af288bcbbd,kmqv,home,3.8,Up can now herself American possible report.
21007885-faf6-4043-ad78-2a5eda91917e,yxqw,electronics,14.5,Say clear culture order partner lot still share.
a04e1f36-ff1b-4a43-b415-8c7eeae6f80e,lzow,home,96.7,Respond if old modern statement TV rather.
568aa252-487c-4d2e-b2e1-544a9b5c5e1f,mabu,beauty,43.2,Create front sure sell moment send structure him.
2eff06c7-f4fe-4156-a2c9-5c56de0bb410,ujbo,electronics,12.3,Not government boy six soon alone great.
f583f81a-6777-4d9d-87d1-c8030f7b5dd9,kicu,home,34.7,Cup matter information call ago south.
456b130f-7365-4093-82d9-60bea3f5cfaa,cxul,home,56.7,Phone section too support memory air.
996aaa0d-3b7e-46ff-ac81-875d561462b8,ymvh,beauty,67.7,Across law stand who. Foot old perhaps.
6d183f9f-abee-4aff-9ae2-46b0633302e4,gwyh,apparel,53.8,Community best boy ready enough meeting.
a09aa3e9-fab3-437c-b4b7-2af101508b82,xvlq,beauty,93.6,Organization life must through.
71796203-d1f8-4c4e-a725-76b30c557642,xalo,apparel,75.3,Already situation take put certain ten too.
aaafce3c-4e35-4df0-a1da-6f04bebcfbbf,eomf,beauty,66.7,Speech film those.
dd9d6163-253e-4a44-a3c4-6b67bde26194,yqzc,electronics,71.2,Detail performance late member.
7eeefeb2-1e8b-47cc-b5c7-d1b79f5e387b,odya,beauty,26.6,Even education security kid.
5825632d-846b-4bc3-9b44-631103601b53,wxhv,electronics,45.4,Prepare pull little leg.
44bad36f-bb59-4562-956c-e120d8fe54e5,mujx,home,24.6,Entire music product ten.
ccd5a152-230c-48b0-beba-0470152b92d0,bgfk,beauty,24.4,Federal service safe speech another member thank.
55690673-9070-4cb4-bbf4-ff6566a719d2,fzys,home,14.9,Glass walk hundred however certain local.
f36d6c05-ad60-4d0e-bf87-8b58d5cc1f1c,cznw,home,40.7,Modern a shake carry and lay inside.
3c151c65-e2e2-48e7-9998-ed77ecc3f38e,gmdf,home,77.8,Section consumer vote side cost through pull.
aab7a804-d6a2-46f5-85a6-770aa2a30241,ukgq,electronics,19.6,Moment difficult claim protect view time.
51ca0656-9ddd-482e-acbd-e013ad1b7f90,xwkr,beauty,11.2,Continue check write commercial expect Democrat.
1a27d44f-e279-4056-a1ae-5e8d0a57ab5d,idfq,beauty,61.9,Girl president wear would individual.
0295afcf-0aea-4eb1-af7e-ca706d600519,bmsp,beauty,68.3,Management right once day itself laugh few guy.
d1e78ece-828f-4c19-b712-8025c50b4d8f,kzgy,apparel,82.1,Like girl similar wall message coach.
6911bd0a-aa8b-42f4-a708-09b16ca0e28e,kzyh,beauty,71.7,To worker wrong expert agreement stage that.
1394c7d8-a7ef-4189-acdc-9132157b947d,rdku,apparel,81.5,Arrive soon at east quite company.
0ad1ccd3-7ceb-4aee-9309-7fe51ac5f8bb,wosb,beauty,43.5,Which against doctor.
03a53ecc-ebf4-4d6f-8cb5-9cc70a556cf0,daxf,electronics,93.9,Director it me artist and grow someone.
281ecd1d-6953-44e3-bcfc-bd8adc572500,bpsw,electronics,2.3,Help box threat stock red. Decide standard baby.
f2ee3857-79f3-411c-800d-4ef861e5fedc,ntbl,electronics,59.3,Follow pass Mr.
618dca78-a3b6-4fff-8630-a4a890d850da,gpaf,electronics,77.3,Little huge policy onto their authority race.
4cb77a0c-006d-453b-9afa-d8b147047ea6,hjbl,electronics,61.0,Fall both plant buy positive ok process.
9f22c1fb-cadf-4dee-8e08-d7344456e99e,yezp,beauty,99.2,Represent ahead themselves future hit.
1ccb7f26-d87d-403c-8087-15e329c0bc69,eavs,electronics,68.0,Film reveal factor its analysis north.
07dbf1f9-a510-4677-a02e-cf2ea8e793ad,rjya,home,50.6,Response word dark dream simply if hold.
24fa3bf2-5df2-48d1-a579-e51c597b78fa,mrkf,electronics,3.4,Office exactly design parent.
150b3e25-5d00-479f-b29c-fac6bf98c118,ugdq,home,40.0,Claim term away. Race take course dream to.
dd6a0f04-4ea6-43a4-8805-b12151dd365f,pegh,apparel,81.3,Floor land long close key peace response.
f6083793-13b4-47ed-a88b-f6057f1d502a,cdsp,beauty,87.1,Writer race upon south between perhaps all.
cad6a77a-66df-4c24-84f6-71a2becd0a39,nplm,beauty,38.8,Account yet fact receive.
d759faea-5a84-4d51-a367-2efe250a2e31,vzni,home,66.7,Risk attack common every voice.
af8bf9ac-09df-4e31-8b0c-cddd63135432,zsmg,home,54.0,Stage compare house coach end.
d4a78e38-c682-4606-8d6a-e0fe55443b9a,twki,beauty,99.1,None cup keep college.
18977931-39f5-4312-993a-4a5e91cab0af,xjvg,home,92.6,Service serious nation attack trade score.
8e5eb9e7-2059-4391-8cb0-3ed29657bb15,mduy,home,84.8,Can rate arrive police plant building language.
ab4fc83e-db26-4164-856c-22cc781c002d,nsmc,home,32.7,Ground least catch common become area.
a1b9807c-2eef-403b-a00c-a81ff99b53b5,rgzb,electronics,32.9,Trial others recent raise image.
f512e763-d53d-4507-889f-b16bcc5d49f7,hrgy,beauty,9.4,Also ok decision watch fear.
4af093cf-9139-488c-b196-ba105eb52cb6,wgdc,home,11.1,Will act section. Forget by suggest or bad.
ea54bdae-20c4-4d1a-b7b0-90780486c019,oikj,home,55.9,Base eat ok election culture name.
d694d89e-8ca9-4e86-a57a-fb40d9aa9475,drzx,beauty,39.9,Wall position charge age.
b694e1bd-0408-474e-881b-dba89719dec6,gxus,apparel,65.0,Address certainly already strong.
312fd169-4511-44cf-9717-0633b73a2095,uhfq,electronics,12.0,Boy pressure their.
268a6619-c4be-4703-b629-22c652d80a01,ehlu,electronics,55.5,Arm even drive beautiful leave message.
5bfe5c13-8f7c-476c-8273-2c2c3bf7b91c,jhiz,beauty,38.1,Water own allow suffer. Far economic lay.
c67542c9-16c2-4d3c-a01c-82598165a7e2,taou,apparel,75.3,Few program ten development.
f1b38dff-f2bd-4a35-9edb-176899057509,yajf,beauty,77.5,Particularly age my past leader college.
6fe7e93d-7e59-4da1-b89e-b838ede61a39,vgnd,home,30.2,Nation western center list hand.
8a4379d5-8e8e-4f95-ad17-6ba9e02ac938,ivrw,home,92.2,Small nice production beyond form easy.
38e6bd66-4200-449d-9e94-a8797087307e,uhiq,apparel,98.8,Cover will support exist world father.
5b508d8a-5460-4832-9d56-af165ce90c1d,zybf,apparel,33.8,Effect light place development.
1bfae6a0-990c-4a81-96d9-1d6781d960b4,suvf,electronics,90.6,On religious sell professional.
fb0d3801-f504-4659-9648-6ce55c9c63d9,wnux,apparel,93.4,Turn rich behind mention response eat.
81cf95dd-a055-4a39-8422-9af437528f56,pfuc,home,7.8,Population election drive body which national.
a6b51b2b-42dc-4097-bacc-e97d4357ab14,xcdt,electronics,41.6,Man whole stock interest both beautiful sound.
efd3ae4a-dd43-4f8c-b04d-f22fcc181487,ufaw,beauty,95.1,Off old message call how attention TV lot.
fd500479-1cc3-4d5d-9dd9-de7a29528273,dbgm,home,53.9,Provide structure serve hot.
aed203a9-2635-4521-bc20-7e918611ed83,oyga,home,6.2,Traditional because hot trouble.
ca4202f6-7b84-4e50-b572-6da6cac2e189,phya,beauty,42.0,Popular establish important glass suffer million.
3d332a1a-9c04-4272-ad7e-a0f9d6ceba23,tsyx,home,62.9,Rock none participant court buy.
d821e526-db53-47fa-a35f-c81d1bc2c179,angh,beauty,62.2,Loss ready if our.
a7a7e53a-9701-49a3-9ce1-9752f0b60143,zkwe,beauty,68.6,Property responsibility will. Price ago compare.
550313de-9984-4cfb-928c-385fe6780c68,gnzp,electronics,12.8,Into big really manager.
8f49ee7c-7564-4be9-b2ec-43df0c36bbca,uykx,apparel,95.0,Laugh feeling computer never less company writer.
3cf8dad1-47a7-424d-8ba3-953496275319,imeg,beauty,7.0,Smile production standard.
2af0d6b6-4c81-4ea7-a7f2-2a555480eda6,kodf,apparel,5.3,Talk word accept rather center a various.
21e97100-01fa-431f-8bb6-8beb0dcff022,ofuq,electronics,46.3,Commercial above nor.
d33c4197-0443-47cf-9d98-4ec9d1422434,nxjz,beauty,57.4,Dark case society total.
8f5d3f9e-5dfa-480e-91f3-2881f0c83b7c,wqjy,home,47.8,Instead less radio deep.
693f3acf-67d8-4605-888f-19c79d20fd5f,fxtu,home,36.7,Decide around but back. Easy move speech.
4ecd4980-e12b-48c6-95da-47ae9ece1ebb,tvar,apparel,88.8,Cell will phone we compare player.
902a1b70-72f8-49a4-83bd-8d9e4ec578e6,tnex,beauty,28.3,Color past protect military.
a2562de3-8840-4b02-bc1d-e4a2dc201ab2,vwiz,home,26.6,Fear occur political man common force fill.
1cc62e78-f0ac-42c2-8f43-f063dacb3af5,vixq,home,11.0,Third culture experience recognize area town.
1724a3c5-1153-430e-84fc-209d6769fb73,mpbw,beauty,62.5,Sense generation appear side.
2dab41b3-4d2c-41c1-b017-f89c8c2d09fc,rtup,electronics,82.1,Month local bed people.
c56ec40b-386d-4632-a98b-719db42b6328,pqvr,home,43.5,Team sing notice idea house.
03d25ff8-8727-451d-912e-f17088c21421,owyb,apparel,25.8,World contain song door they.
0e138b5a-3393-46d9-84a7-26158231c174,byji,beauty,56.4,Second main couple it since whether.
0bca53a7-19cb-4ef3-b967-93506eb5e484,rfeh,home,82.8,Majority about outside offer prepare act.
84866f4c-7a5d-4cf4-8256-d4593493e14c,sluy,beauty,14.6,Set rich home key read find possible.
2658cac2-9aa7-486b-b028-0cb658a928cd,oapg,beauty,19.0,You shoulder might stay race.
dff89eff-8dc6-4652-a412-93d75698b7ab,tkyb,apparel,88.7,Tonight dog positive dream.
db62f127-d0ab-4a32-8924-91dd5aa4c140,khza,electronics,30.6,Structure soldier push trip owner.
1edf39f5-9462-468e-ba29-6077d37b402c,tczo,beauty,25.8,Perform religious eat bank bank south.
e6238252-8eb1-49a3-8f40-6226193bdb49,twps,apparel,89.8,Structure drop she hear purpose TV strong doctor.
7d6504e0-3f42-4fad-9ddc-eafe67550928,hszt,beauty,2.9,Best great toward.
1e2446f9-06b7-4ce8-ac21-33018356b1f6,josf,home,90.3,Remember our yard whatever gun hair difference.
508e8062-4de5-45e9-9c73-298c38e22f10,mvcy,electronics,40.5,Skin a us exactly.
1e0d3345-e5df-4c0e-8a0c-48ce92de8846,qyeb,home,1.7,Day human sign same bill level study.
81b23509-37b0-4f5b-95ac-923e2664261b,hmre,beauty,79.6,Wind friend buy goal part affect family article.
87ce9831-ffa2-4630-ad69-5fb7b7e70e89,fwsx,apparel,22.1,Price onto seek kind evening open.
9df2f5aa-0042-447d-95f3-54059731a7a9,ribt,electronics,55.8,Note film research change effort foreign region.
43d1d81a-53f6-440e-9fdc-20b9f55e7364,pfrb,home,96.8,Individual ability red free claim large.
e0201fdf-5fd2-410a-9d40-ff27415cb57c,sivo,electronics,6.7,Foot sign important small.
7488bb2d-2b9c-4417-9fdc-5bf0849ac1a3,emfy,beauty,9.2,Catch pick painting light another offer ever.
00ad6f98-a851-43d3-9268-87ed464dd86a,itbz,home,49.3,Challenge while per toward score doctor.
56dba326-b890-4ec2-b39f-39e3118bda80,keip,beauty,61.2,Magazine wait fish fund. Stage by green.
a6e627e6-c64a-4fef-91b4-1eb2f46e86fc,mgly,home,66.5,Current onto say serve chance.
dfd73822-5e2e-4afa-bf61-3b0d86ceccb0,auxw,home,20.2,Discover red forget change wrong.
1be38d3a-f96b-473e-b898-1b7bef0b45a2,wtdp,home,21.1,Attack simple sometimes campaign.
eae493e1-5211-46a8-937e-08e62848485e,uwhr,electronics,67.9,Apply cultural edge without parent.
7d8b60a5-2bfe-4fbf-9346-813ca758bdbe,nafs,home,80.7,Adult thank official very many.
3494b863-74bc-4458-b8c0-9b3083c381fc,pfja,beauty,66.1,Training local effect former cultural.
f46fa5aa-8c3d-41cf-bba8-6051c5d8d336,fpek,beauty,7.7,Serious future we despite even.
e5b9e958-df9b-455e-80f4-02ef1501cda3,dsjm,apparel,59.2,Inside part drug shake.
c3819264-4f84-473b-80bf-104c660d61ca,izew,home,42.3,Chair trip four full.
4f9d52b1-bfe9-4658-b997-27ff61c36866,ouqk,apparel,41.3,Determine box heart news leader modern.
78f6bf7a-0718-40e2-9d4c-f62e44ceba18,gbjc,electronics,63.8,Some race foreign mother various.
55d68755-a976-49fa-8b2d-e5dbb5933843,yfln,apparel,8.4,Sit how little artist society tree month current.
02de24a5-8a93-44d5-8dd2-382d37bb7cbe,soch,home,77.4,About box writer common add above.
5fbdc137-7323-41c2-81fb-d3a4cf3a58d6,bdsc,beauty,62.7,Environmental heart side could dream point.
a4e4bed0-57f2-4d53-aef4-58a51dcf87eb,mhcr,beauty,8.2,Notice local cover room top ball.
c8aaadad-05a7-4947-9455-5c7890c52982,vnmp,beauty,30.8,Else along line make. Owner black lawyer company.
cd4a08fb-879d-49ee-9892-1c4232bff209,ubzp,home,72.2,House race career myself.
0f2c9ee8-e7ff-4db9-8519-beed74e0d782,nard,electronics,62.1,Throughout office price person.
7cefcb38-1236-409a-aaf5-4dd49bc7aea5,nszu,beauty,52.0,Interview reveal decade keep list case.
79e23930-7330-4452-ae19-edbb737a6c8b,rabv,home,19.5,Both unit her something time.
3161402b-1858-4c3a-8664-cf07a95f3742,lnzx,electronics,68.4,Party lot continue second.
040d5b68-9239-4765-a514-803acf895426,cveo,beauty,23.7,Fear herself machine enjoy possible necessary.
e6bded59-00fb-4491-b621-5243bab9ae19,zfrp,electronics,70.7,Task term sort sell anyone.
8645d7b0-337e-4207-8ba1-0c9ab812e9cc,cdwf,home,30.0,Attack something piece cost. Back city today.
c5bbfb06-3af5-4001-991f-4d33887c6ae2,tzwy,apparel,95.8,Person church security event.
42ce85ce-a2f9-400c-a56c-6f3289aa2977,jxsd,home,72.3,Pull inside practice fly will respond ask her.
a9b022ae-9415-4006-84f0-805801d4757b,gwzb,apparel,3.3,Blood could if morning.
0fd0f53d-b7aa-4e71-bc16-18970b714e99,wdft,electronics,79.0,Peace name consider else. Race early receive.
c6c344d5-4c4c-4d79-b98b-3943d16e1139,ibda,electronics,65.3,Sport leg imagine feeling owner do either.
d6f1cf5b-6949-4c92-b1bf-7f78d287c628,uzgb,apparel,32.8,Story anything class wife key authority.
41931cb8-8805-495e-bc67-8cfc5c25e0ee,uvbd,electronics,52.5,Each should visit. Artist local expect turn.
0009ab58-edfa-4127-8a43-7ab887299388,qrsb,electronics,27.7,Space study real question bad.
d9ff4d17-738c-44ab-9d9b-d04d1ded3e57,ivsl,home,12.9,Option consumer baby performance.
0d56bf8d-7ac5-49fa-91f0-a017ca4a8fee,plgx,electronics,53.9,Wind over trial material simply include.
2a8cc316-4da3-4934-a0ff-e40c5386297f,povd,apparel,51.5,Just kid prove decision leader answer piece.
55c7e443-5747-4f74-b861-78549ffd7f59,yhge,electronics,24.5,Perhaps everybody cell choose.
0853dbc3-7d9a-42d7-8809-f0f3b83705a0,wabp,apparel,24.1,Teacher thank world foot southern five yourself.
b40ba274-7668-458b-818d-94c62bfa51e0,dkjt,beauty,28.5,Our it share wall provide.
aa94c77e-1705-4152-97d0-83daf7a823ec,rnxa,beauty,77.1,Indicate left watch control.
26dde271-ce94-4311-b067-9ce336e4db2c,wtps,apparel,14.1,Shoulder group not least.
a9e9f22a-c389-4485-a002-784a0e0d9ce5,odcj,beauty,65.4,Course student wide technology.
7a82349d-30b4-49ed-a7c2-863cfba3b344,mezn,beauty,0.4,Visit radio south allow.
8542bfa0-2e69-44f4-a087-befd287b69eb,ysbg,beauty,17.6,Between thus teacher short.
be5f409c-bd1c-46a7-b5a4-eb95833e8b74,yvcf,apparel,37.6,Provide learn find decide fish somebody.
15ddb069-f6b3-4355-ac1f-ca961124ab4b,xgmi,electronics,68.0,Never dog without less gas.
c876f479-0c11-4b09-85a5-16f2f8a19ed3,bqca,apparel,42.1,Stuff price recently house.
87850115-8d5b-48e0-bdec-5e6cf7ad71a7,kgjn,electronics,79.9,Space ten despite land name station.
039b2862-e03c-46c1-86c6-a4a6c2f483cc,pyxo,apparel,51.0,Tv deep company reflect garden market.
49cd91e9-5fa0-4f40-986b-a2a8c05ba3bc,huqk,beauty,9.5,Player image kitchen group fine nice field by.
f57096e3-15dd-4a2d-ae16-15414ac47a7e,rjka,beauty,13.4,Course less cultural worry.
2c1fbef9-7f11-4825-b7b3-a7ddc9cf9aaa,nfxg,home,20.1,Service hear idea fill catch bank.
14a505c3-d045-4776-b01a-4384fa2047e8,larz,beauty,72.4,Myself every everything fund account hot.
64d389af-2780-4259-b5e4-cc2507094e63,kwqy,apparel,40.8,Employee respond month up idea keep.
9858c74d-ddd7-4728-8b5f-659bafe04615,bpen,apparel,57.6,West none population than major you my safe.
669c6a09-e9ed-4d89-a34c-3297cf7df9b4,igep,beauty,95.6,Enjoy as democratic cover.
e0006e9e-40d8-4523-8b07-0364240b26b2,ytdj,apparel,11.9,Society clear yard network spend writer.
3c4aec79-33af-4d5a-83f4-fa5d01f85a53,ounh,apparel,71.3,Land next just. Establish hour rather model.
c51b2070-3509-4805-bfff-1ab1122d4cb6,wobq,beauty,89.3,Kid my from. Hear sure enter court prevent.
ceb78458-4868-4039-b217-a16300be05c5,tewc,home,59.3,Start century eight economic gun face.
1688f06e-b50c-4c2f-bd36-a99f7e6e4792,yljd,home,26.7,Save enough read work. Have give beat.
88e319b4-3d16-4012-addf-05072ec2172c,ctnv,electronics,66.2,Energy job less those.
0b15671e-1cca-4589-8b24-9f586529615a,hipu,electronics,74.1,Let move clearly baby majority fight fall.
89d8dca7-da4b-4afd-b91e-17912f8cdbf7,gmel,home,70.7,Go reach will administration term process hot.
ddfa8247-812b-4ca3-903c-2eadea154a82,duxh,apparel,47.1,Social now federal center should technology plan.
0c90121d-cd7b-4613-a4c4-a58801a4313e,djuy,apparel,53.1,Size choice summer action look.
83004e0c-849d-469b-b07c-4bf87c7d97cb,jgpa,beauty,94.2,Candidate he friend seat contain do price.
eb792de5-7cfd-49b4-81cd-a14f26916863,ejag,beauty,58.7,Candidate short thank four would.
10d5bd0b-3d4f-4fc3-9957-3022b8f08928,nsqt,beauty,92.1,Describe generation look car gun risk.
c231dde5-8fc2-44a9-8cbb-2e3c41df2f94,xfzb,beauty,83.7,Field others ever nearly.
5d500774-ee03-47e9-9fa9-e5522b026d5f,luvn,home,0.4,Fill news with education why.
9f6e424f-c030-4b03-a350-a316672f2b22,cngk,beauty,47.5,Drop guess individual.
a44d6307-c634-47f4-a545-b14fb2c5c426,njqy,apparel,88.1,President party none look population.
bd86c63e-ecd5-4079-a1d8-f8219040d445,reml,electronics,48.2,Spring leader many type also. Just order discuss.
134e1993-3ed5-48b1-b1cd-1b1eedb3ce31,gxke,home,41.1,Charge expect than special next front.
bbdf6093-1918-4223-91a9-89e4faf38b50,hwvn,home,17.6,Kind after control expect role find.
5bad2e64-80bc-45ce-8cea-07d7c548eb05,rjgo,apparel,35.0,Relationship population rise.
e3b1b92e-68e5-479d-9efd-fe352b167c85,mobu,beauty,41.1,Professional democratic game account dog how.
c8d4b8dd-ff3c-432a-b383-b06a7afc394d,lnvx,electronics,63.4,Week market fight statement.
0e7ac1a4-3595-4825-8355-0ee4dcc443df,rget,home,84.0,Discover message there religious himself third.
6dd6e908-07c4-4166-a061-53c73899d511,ndlx,home,54.4,Issue that than especially however.
624621fb-beaa-4676-9927-c266ce406083,cjva,apparel,91.0,A team already our tax land and car.
f874cc3f-ab19-42d2-9f79-e769e93f6d71,zgts,home,15.2,List bag very including.
8fc0dbe2-ce02-4b71-b604-08c0a10acd4e,aecq,beauty,4.4,Box seat mother better fund anyone short.
3ebc00c6-d61d-434b-ad62-94b7e4f0495f,umdc,beauty,16.7,Why factor their wear.
37f6413b-d7cd-45ac-9b75-7bb2931432f4,tezr,beauty,50.6,Their edge just bill. Eight religious tax my.
b82dd7c2-4d9f-4330-86d3-7890e974c688,drbc,electronics,10.7,Cold senior future no trip type model real.
e7afde99-4f25-4e1c-9c9e-9ba46d7f3297,nezq,apparel,32.5,Coach according at.
ff0eff90-0ce0-4577-8ef3-0eee42ba2fea,uphl,apparel,99.1,Voice sure difference film move.
ece0ea3a-bec9-4ab6-afe6-c40bc901b04a,zdmc,apparel,62.7,Show probably difference certain dark.
2008394b-bad0-4f91-b628-7de107c17f42,xsfl,electronics,48.3,Support subject detail. Early might through.
67531d85-da84-479a-8f82-844baa279727,ywvc,electronics,29.6,First life customer indeed region peace.
5f426f49-a209-43cf-9742-ae22f9b7eaa5,ubwx,apparel,23.5,Should analysis three produce executive.
b8d2d9be-e979-46fa-936a-33d095d2955f,wtsy,electronics,28.1,Around their federal instead perhaps real memory.
9c32293f-54dc-4861-b8b3-61315fc9ead7,idxg,beauty,69.3,If eight heavy building when push.
79eab83e-b4cc-4bbb-9f4c-937b637e3b46,zyim,home,17.8,Number north find old wind support.
d08cc3c0-b45f-4002-8df8-e1562a8485eb,lugt,beauty,8.5,Line mind production account. Begin factor land.
2a4e0b10-0be8-4e51-a7b3-fe6639c27a62,aqwr,beauty,8.5,Start room cell true business field.
2222b414-9106-41d3-8102-28d7e7449dd5,fqxl,beauty,17.8,Support total either plant one catch.
70c2281d-5b1d-4a5d-b5f5-8a3eb2ecef16,rwpq,apparel,27.0,Learn do part growth fact kitchen movie.
2dfee7de-e5a8-4072-8ffd-beb8d435d512,sfjo,electronics,54.1,Seven detail establish half.
13c826b1-b63d-4824-9f05-0e9c8c61318a,hgnw,beauty,23.0,Above want recognize side experience.
536b4142-ffbe-4d29-b745-940319f08caa,feit,beauty,56.6,Project hold each.
e54a59b2-325b-4601-ae2f-d6542d7b9c2a,shwo,apparel,36.0,Discuss lay soon drop. Population you blue week.
76ee7ee0-f503-4ff0-b68c-9236a4440aa3,cxlf,home,77.5,See suddenly move significant.
60f1beab-c317-4074-add9-5d7b22092096,cmqp,home,10.7,Strong short practice their.
5fa5ce73-023f-466c-bca5-06cb7129e934,nakx,beauty,0.5,Election base question.
5a9683a6-9c94-4d42-bc45-0955a2364a96,pcel,beauty,92.9,Area figure experience interview leave.
3e2d86f6-3cbd-4448-8334-7b89d7ab792f,piex,beauty,34.3,Front get wide.
720d9de2-7c97-4288-b066-0ff463747f2a,bolj,home,18.6,Statement attention inside share across.
e8878755-dde7-4d81-9d20-6d1a8cfa70fe,pegb,apparel,93.1,Old remain bad great large.
713d7dd4-9a47-45c9-975b-351a57b17c6d,fohn,electronics,33.8,Not eight claim see security air cut.
7bf71017-7867-4ce1-a1aa-afe9ba4df59e,fnex,electronics,61.5,Radio agent better because phone try senior push.
6c21adf0-7fdd-4258-a21d-c3d81bc692ff,zius,electronics,47.2,Against program nature begin area.
2e584bc4-e07a-43f4-8f4d-7f1baa4dac0e,rdme,apparel,21.9,Total billion town job.
b8bb57e9-f093-4277-86bd-af8b461e23a1,ndyr,apparel,9.7,Front his data thank.
555fc9cd-bb06-4f83-93ba-5134ca7b7eb7,ybog,apparel,38.5,Field such weight authority also view.
a2a76503-b8bc-492d-b690-250f69568153,kctu,beauty,79.2,Along music girl person.
97044a2d-ae6c-4160-91bd-9494cbb71e22,bsul,beauty,99.9,Dog if although remain.
f0e405fb-add2-4c3a-b5fa-8a587bbb8935,eplz,beauty,47.1,Easy look of over still structure.
d40cb2e8-5313-43be-8267-6089ebd557de,caun,home,21.1,Those management thousand throw hundred give.
8d283899-1307-4d8e-ab41-8d7b12a319eb,exmf,beauty,18.9,Right add total large religious everything.
e37e186c-a196-4f73-b15e-a25d55f32a0b,cngy,apparel,95.3,Summer wear easy organization.
99307e6b-9737-4b85-a091-e6b04c3a56e5,grms,electronics,16.7,Tax adult myself one herself foreign free.
50a67642-2244-4c36-92cd-0785e2812eb2,xnmk,electronics,72.6,Decide within others former begin would.
0f194bb8-f58c-4957-a506-0112a2c86907,lcrn,home,55.9,Could matter party answer show.
cff29128-cee8-4dd1-b32f-7773591e05b2,tusf,electronics,10.1,Expert task home ten right hot.
cc17a23a-d7b3-42ac-b6e3-1864cf5c9563,xhwi,home,8.2,Agreement not else actually model.
27544f0d-4dd2-4bb7-a48f-7c35327ced83,bqtf,apparel,83.6,Set role television eight piece carry probably.
c54c0929-7e68-4ed6-8878-e5bde99b44b1,qlmu,electronics,66.2,Wear kitchen new specific exist do.
12b55e6d-6073-49b1-b844-d040f39b32f9,fmsa,beauty,73.9,Out artist suddenly mention father over.
85da52d3-1fd4-450f-9228-4f117195e8cc,sqgw,home,61.7,Role trade policy.
8c7f54aa-41d1-4bb9-8126-3ecee8c3772e,fqrc,apparel,70.7,Beyond production agent argue little.
3195f010-04fd-4750-b244-c48d807055db,atjo,electronics,28.9,Energy identify seven strong president.
88005e69-2727-4ab6-8dbf-c2502ed41ca3,dgvr,apparel,36.1,Best continue company so body cultural.
af522aff-71a3-4796-8b99-b99a9a94a60e,bpvm,beauty,99.6,Alone woman peace region father drop.
01c645af-caca-4f80-87be-387e2a54344f,oxif,home,33.4,Free resource deal box.
b9f54a24-b7dc-4ce6-bc74-e8d13a82a614,vhgc,home,99.5,Mission one box body.
fdf1f61e-2db5-4ef2-b8c7-a5e6a2205381,xbzi,electronics,43.2,Quality easy design oil.
79993a83-78ec-4418-ae23-9409faba212d,grml,electronics,88.2,Still bit mother close station offer business.
f0b03334-2e22-441b-b9a0-ff45b579c79d,mhns,electronics,46.1,Stand scientist option find.
ef1c6455-7cf4-4428-abea-65b532a44240,sdxw,home,3.9,Various your ever compare.
652a80e2-2ff5-4b6a-9482-dc3bf1272d18,ylqe,electronics,60.9,Member work catch service everything.
c8926b46-c126-4d40-a3b3-300247be2103,dcbl,home,54.7,American western face care.
d0f1942d-f45d-4a46-940c-f92f8ff10733,apxk,home,83.3,Have detail kind.
e56474d5-a213-4829-aa37-e4e46a16673d,eqpl,beauty,31.9,Summer along college lot challenge kid.
3ebe9c4b-3c20-4f67-8402-6a3819e32e27,rsux,electronics,80.1,Short very would religious final seek pattern.
3dc4d07d-0176-4956-b116-d2c8a5f1444e,lbtu,electronics,83.8,Nature name well time white.
73f095da-23e9-4be9-a325-5aaf473ab568,moba,apparel,26.2,On report investment.
07967dfe-6925-4039-81aa-5f8d51bcc240,ylsn,home,32.0,Ball only author happen small training direction.
f22e4bb8-812f-4385-b7fb-19d6807f0c42,fdmb,electronics,80.0,Benefit cold easy window democratic call series.
34b74855-def3-469b-93f7-1feec73370b4,qael,home,52.1,Material message civil rich.
de00789c-70c7-4832-b064-ac2f7082049e,bugl,beauty,70.9,Ball PM last recognize much bad.
d9aedf4e-4ea3-4609-8d9a-fd83842217f7,aexj,beauty,5.0,Tree white table knowledge easy task top.
003ba12d-26c5-4fd1-be9a-6cfe8b11d2ee,vftz,electronics,15.3,West participant three which rock book be.
e73a2bcd-e201-4309-91dc-dad3d6c3a543,wrij,beauty,23.2,Indicate list spring room him.
70411c6f-8651-4ba4-89d1-075866382c25,htfm,beauty,96.5,View war operation daughter.
03513032-3c8b-4037-b830-bfd0d19b4862,btql,electronics,7.7,Yet thank still home admit yourself law.
15bab2d2-f9a3-448a-8467-f9bfa7345f86,owkn,home,41.4,Professional country hit see difficult painting.
6fb9548c-edae-4418-929b-59c4d6275234,eqrl,beauty,57.1,Meeting toward off month.
1cd14511-cffe-4868-9f34-e773632a423d,sywe,electronics,35.9,Civil doctor go popular majority.
87eac650-1931-4413-9b50-da83e5ba31ce,nxjh,apparel,0.0,Possible song for feel seem enter join.
5f3e6db9-a464-43f8-b36b-3f4bbd58d09e,wyrz,beauty,68.7,Throughout evening another person control.
54e8b892-914f-4612-bef0-c34b1437332f,qybh,electronics,98.5,Huge pressure wife alone space.
bd962c45-e9e8-4530-8e99-ce494a7c9d32,xobs,apparel,34.7,Glass last benefit former animal bit.
e834270d-06fa-48e4-8a0f-a164e21a62a4,dngv,electronics,92.1,Serve law fear. Future approach about between.
d9e699cf-a677-4418-b226-c0cf9f95cf0f,nqjl,beauty,82.7,Instead weight course hair section.
68916685-c7ef-4cab-80bd-f6ffeae78e95,fkyt,electronics,52.0,Thought something reflect unit participant.
ca1d0661-a645-46a4-952a-10cb4db3ad61,keht,electronics,98.3,Know think live face particular rather.
d38c273f-ef13-4c54-b2a7-3ef19a0bd63e,ermh,beauty,83.2,Fast new image fear area relationship high civil.
80a7c4eb-7920-4ba4-9c55-6c4a802ccc3c,qkfo,electronics,60.9,Capital six myself foot point decision.
1e94d0aa-bbd4-45e8-810e-2e656c7e9588,rjsv,electronics,59.6,Inside board I manage my.
0765d696-c981-453e-aece-bf3f01e9e9cd,mijr,home,74.9,Sense those trip computer us policy share.
47706a98-1285-4dbe-9f5c-5314d5a2b5ab,qprx,home,81.7,Point sound catch girl process able method.
d1f5c767-86b5-4aff-b069-5162d4f7cfd9,dpul,beauty,27.3,Follow speech future see try just.
c1f4b5b0-d1f9-4a5c-a19c-4e9b5b01d227,rhno,electronics,58.8,Plant international receive above anything.
61b857ac-238e-4d96-ad46-49fdb1501823,sdub,home,40.7,Look choice letter trouble when.
81dc5c8a-635a-4e7e-9df7-792f4caca6d8,nibm,electronics,68.3,Computer write specific gas.
bfe08a3e-44c0-407e-9d59-8e4ad9e4ae16,mnpw,beauty,41.7,Civil within any picture suddenly unit tree.
69aa8045-9bfa-47f4-a7d0-288b1883f9c0,ilap,apparel,47.8,Whole parent great along today.
53dff4d8-9462-474c-967a-c42777cb891e,ozdq,electronics,59.4,Teach alone authority certain less stage.
df0db42e-4378-411b-9e8d-fb208804b097,dcyl,beauty,26.2,Article view various.
029baa96-4d93-46de-a3d3-21ac0188b008,qgja,electronics,45.4,Difference bill measure note every.
a1c92e8a-90dc-4e22-a10a-4963e7f90403,aiqx,apparel,97.1,Short want class whom computer now.
80ba68c1-60da-47bb-b0aa-33ea41bf34d5,hsne,beauty,70.4,To reason paper sport role set.
35b2c996-7e30-4c6b-ab0a-6e8ce59f77a2,fyna,electronics,39.1,Important feel day decide particular bad.
bca8b32e-2275-4e24-b75d-96bfdc269c33,njyz,apparel,39.8,Again two type program money address.
76f224f1-42d3-4a52-a5af-a5241d3a8775,vrzg,home,41.4,Single most take.
020a5b7d-28f4-4863-9507-837b0b250740,pwie,beauty,69.0,Unit option next.
ceca53f7-47f1-49b6-a15f-c7e0e6ea58ee,xewv,beauty,98.7,Sign network middle player idea protect smile.
f59dc2f9-cf70-48f1-957c-3e9b1333039c,fyio,apparel,75.5,Less quickly have music eat like list baby.
b71bd306-4fd9-4497-b7ea-e50d249c053d,qbnx,apparel,26.5,Deal almost determine.
0011317f-203f-4d78-8d3e-c7febe986e7a,awmz,apparel,16.3,Friend sport son he staff.
4862b2a9-bb25-4115-a14d-0c7541c67599,wfys,beauty,9.0,Leg defense third big against final all.
ab539062-2fc4-4fcf-87e1-14436975facd,qdac,electronics,54.1,Key wall method science.
0d89a148-f2ed-4fb1-aa19-3a7f01b8e661,iatw,electronics,4.8,Outside able writer read.
cfb2e282-5579-43f4-9e65-313d2428746d,reou,beauty,46.1,Imagine beat message focus price agree you.
017183c2-5d89-4506-9369-740934b18c3d,vkxc,electronics,87.6,Dog rich wife least key.
ee775287-5bb5-4077-ae24-91d370bae798,trgn,home,35.9,Office reduce treatment free. Box lose ahead of.
1dc62a3b-0b7b-4fd4-80eb-b94ae3dc1f78,tcpo,apparel,58.0,Power population spend yeah society task price.
5f7eb0cc-c6f7-455a-9bee-ef2f7c9fd915,pbxn,apparel,90.8,Feel simple election.
729b4d62-75cf-4a33-9213-ea35d1492a2e,ufnl,apparel,35.8,Knowledge owner of woman who trial now.
f851fd5d-198b-4b1e-823c-e57099b6ba68,vlhf,apparel,13.5,Practice lose focus.
c593873b-82c6-4312-a15d-74095b6511ac,gynt,electronics,56.7,Team southern film throughout.
f5985b98-1820-41d6-b4ab-3203893ee248,utgv,apparel,39.8,Great against current what.
b52ec605-4f74-4df8-8429-7696cd3e7146,jtsn,home,72.6,Find score final plan beat station ahead.
448a6d0a-bf48-4c34-9442-69cf3a2ad699,tzcu,apparel,13.8,Argue few still fall positive.
049edf30-008d-4e13-a71f-a53310f61b0a,owrg,apparel,90.3,Lay consider newspaper continue would.
9f2f47aa-18d9-4a2c-9930-d6673f6b2521,knvf,beauty,63.8,Full on model left coach adult act easy.
98658426-6cca-4675-ba6b-0b45507e7008,pbke,electronics,12.8,Key sure responsibility good speech fly.
c1d78fc0-03d2-4c24-87b0-a3c54ba867f6,mtnd,beauty,19.0,Structure drop strategy cut ahead.
c2eb45fd-a70a-4193-9dcb-2d5e72e9190a,plws,apparel,26.7,Lot money bar threat.
6ee2d5a6-ae99-43fc-b500-ca2b499956bd,yefl,home,31.3,Top society training heavy act piece owner.
12a5d9ec-d51a-4fc2-8fb2-1f76c7e3ea95,sqyw,apparel,3.4,Car her paper push learn.
e0e2267a-4ed7-411e-8389-f6ef639d4e8b,xzkm,beauty,15.2,Word career another church later discuss.
c7b7a0ba-a7d8-4c89-9bda-d3de5e7d86be,wimr,electronics,47.1,Law region season scientist in.
052d6e34-7064-4ec8-9c16-27d87ba03438,jvxr,home,89.7,Economy positive cover forget do physical memory.
1edbb0b3-0e1c-45d6-927c-de1b84d8e4ad,eqda,electronics,30.9,Situation soon thank admit if town.
59184552-1d7a-41f3-891c-8398672e491c,nsxi,home,7.9,Plant however understand other drug.
8b685330-43ab-4a06-92a1-8f868f9b4ec8,ypbe,apparel,99.8,Learn score police tell plan side.
c643a780-535d-40a3-b561-4f63e8d39d8a,lunt,electronics,60.2,Suddenly represent participant but many wonder.
c0859f3b-2eb2-457d-a883-608e47ec2891,gtya,electronics,23.8,Four happen floor health. Friend common large.
e32a967e-3158-4ecd-8c94-b7ac5bb302ce,umkz,apparel,86.8,Hundred less majority drive see.
9cbaab3b-5537-488e-85c5-5d5c2ed024b0,dgks,electronics,12.3,Suddenly watch loss.
edfc1fb8-67b5-48aa-a174-ffd619ded49e,biyn,beauty,85.2,Series health take laugh data.
5be56a94-6e1b-4fc7-9f95-75af85a92cfb,fzgj,apparel,58.8,Ask catch create heart hour capital.
ad5f81be-013e-46cb-a52f-2a02d7aaf381,mvhw,electronics,5.9,Leave hold whatever upon herself. She know song.
c70405ea-7da6-43f4-8a47-cb4fbe695d0a,sczg,beauty,52.6,Job walk particularly. Oil its suggest PM other.
3d383b8b-f151-4e5e-98b0-cf1c2d55f4e5,itsv,electronics,22.6,Agree successful adult allow exist establish.
5ea4f98d-c6bc-4e47-bc63-72f2b47f48a8,ikdl,apparel,18.1,Onto scientist pay must.
983eee92-2c18-4f54-af28-4606a35ecc75,jwdn,home,88.5,How song respond system ask.
8dc8d5d1-030e-4b64-a5f5-7e3c7a1ffe83,uieh,home,77.3,Marriage bar truth born reach much paper.
dbd725c4-bfec-46f9-8c16-6014eb0bd4cf,lqsy,beauty,5.1,Knowledge ball hold water wall.
0374ee25-d92c-4327-8d03-3a8c677b5969,jolk,electronics,70.8,President middle ask staff.
8895e0c5-d6f6-426e-b7d6-951345d1c0eb,hxsc,home,36.1,What activity manage enjoy.
c3ecceb4-da30-41ae-a3b3-bb9dc64ad602,evnj,apparel,99.7,First later memory describe positive.
31714173-9460-43e9-a83e-231573cb453c,kqro,home,39.7,Girl decide organization several.
6cd16f01-441f-4508-bb9d-a4dbd056673d,tusf,beauty,31.7,Rest side scene point provide go clearly.
15d33779-867b-493e-9a16-3ef4a3a9630c,lmxj,beauty,10.9,Option go audience effect serious.
bab3625f-8175-4dfa-8876-e707601e4796,ksve,electronics,88.2,Attack firm radio recently fact career.
fa833e45-84e7-4aa2-9fd3-c74b3605b8b2,jxyq,electronics,41.6,Future language list pattern our writer.
16b06a14-c6d4-40f0-b195-9a98cdcefd63,nluq,apparel,81.0,Protect sing nice none prevent.
ce5b7796-e1d0-429d-958a-ab6eddba09f0,jmno,home,99.0,Director candidate buy especially.
f11106b6-8390-49ec-9f67-2f459216f1a0,zaiw,beauty,81.9,Gun bit culture enough including military west.
c7e2f610-fa89-4124-b394-81f92034376f,mist,beauty,37.9,Century smile as way any.
c864984d-7e03-4d7a-8f3a-b0fc9faa4390,gbnt,apparel,40.9,Get condition always base wall tonight smile.
c43e8702-8b85-42fd-b4df-71b947ba16fe,ygzd,beauty,42.1,Structure exist leave likely management.
56b6e161-f1ff-40b3-a996-b215823ebbf1,ysmf,home,9.8,Individual culture describe sport.
3f288fd3-5365-42e2-b08c-d8d8cc0d69cb,gxqm,electronics,10.6,Quite wrong herself. Ability will movie decision.
5167dfc2-a9dc-45f6-a945-66832f8dbc3d,axqy,beauty,60.3,Against bag executive read.
3c826bf1-c829-49d7-a987-44ad26c4851b,katx,apparel,46.9,Window cell between again his stand car.
5c6ff7c0-17f7-48ac-a97f-0a2fb824d08c,yfjv,electronics,76.8,Guess not lay break college cut view.
aa45b682-1ff8-49ae-aecd-d8344b7ca55e,ogvj,beauty,30.9,Only culture stage million season.
ffa44b6d-544f-4b53-afae-692c6c0a7eea,ilmw,apparel,96.0,Decision when sea continue there yourself hotel.
01ea3399-837c-4fcd-be5c-6fa64e40d1a2,hxik,home,15.4,Cost significant work create as peace yard box.
7c794878-33a7-4231-9ab6-83eb762dbb7b,fxdn,home,71.2,Think partner significant.
dca30818-5641-43fe-80cf-b38cbac9f555,vjep,home,10.9,Five floor mean board everyone. Few data its.
8e90a168-69af-4982-906a-8093716b8abb,ycwh,home,93.8,Town occur little provide pay.
58cca287-4233-494d-8a6e-9569d4beaf15,jtbi,apparel,18.7,Color easy happy audience medical investment.
4d7f8bea-d5e8-4a36-8f3a-20a43366a3f6,enjy,apparel,59.9,Prevent close build line as everybody hair.
3bfb3773-4927-4d5c-988d-15157fbb0ba7,wovu,electronics,89.9,Dream decide agent even so fear ready.
715787c8-eafa-460f-a82a-01221465db17,wcfz,home,54.0,Green listen few develop big play.
47430ecf-0e6f-449c-96ed-68d34587d79c,eaxp,electronics,11.4,Both may difficult trip sign floor travel.
9eb83191-1a5b-41e4-ab2e-dff7113bfefd,pxcq,apparel,97.1,Value true a else.
0a6f9eab-8f15-4bb6-85f4-6d50f7da0c6e,xesr,apparel,13.9,Similar her follow.
dde99745-6c80-40f0-b1a0-cef75f1c6560,kseo,apparel,31.7,Set throw light. Manager many coach set up page.
55998aab-c166-46c6-ae9b-368ecb3804b3,rfgl,beauty,4.1,Director compare kid institution close new.
a6c9d7e0-5795-49c3-8999-36e898e9c42e,tsge,home,45.0,But beautiful far on Congress never particular.
dee03985-0bba-45bf-802d-a20b01845096,pqhv,apparel,35.4,Product bar front important where fire hard.
971a4e76-415e-46ce-a1af-6780ae7062e9,pwin,beauty,56.0,All field officer arm card. I offer sure you.
f874472c-902c-4d2e-8934-134c92567c4b,rkgo,beauty,14.0,Base environment change building author country.
2ee97ca8-98ff-4822-9d16-9d42a2bf8ca2,oplr,apparel,18.2,Wife second brother middle half both idea growth.
0353b336-71b7-40b8-ab3e-e1c65cca70f8,icjd,home,14.9,Tv message clear mind TV anything.
b6fd8233-45ca-46aa-8d17-afedc6a13173,uikc,home,59.5,Once sell test page. Always series suddenly.
970dc448-ce50-4c31-9f1e-cdf0a0a8c5f2,hnks,apparel,50.2,Ten we than plan.
604ef74d-fdf0-4fb8-9ac8-f844902395b9,qkmu,beauty,3.5,Strong prevent three author say high represent.
0b0fbb22-8ff8-42fd-ac40-e79d115656be,awmk,apparel,24.1,Contain social treat worry nor decade.
409b4b3f-a4b6-4978-8675-d8e66df95705,grjp,home,88.6,Suffer people black power low property.
aa06b069-5732-4ca3-982d-b08373cd9036,fpcd,apparel,11.0,Ago by smile. Recently whether gas development.
